entry_time,exit_time,direction,entry_price,exit_price,net_pnl,r_multiple,exit_reason,confidence
2024-10-29 01:00:00+00:00,2024-10-29 11:00:00+00:00,short,1.0816583664,1.0803425179652006,328.9749569501454,1.1529113620284797,tp,0.40050783718817234
2024-10-29 23:00:00+00:00,2024-10-30 09:00:00+00:00,short,1.0815183691999999,1.0835651817232839,-605.781220396532,-1.0748470523248705,sl,0.39221673415872993
2024-11-04 03:00:00+00:00,2024-11-04 04:00:00+00:00,short,1.0887482246,1.090240232843265,-445.90355619983217,-1.1037568181130866,sl,0.38543163168611494
2024-11-04 11:00:00+00:00,2024-11-04 12:00:00+00:00,short,1.0896382068000001,1.0909962104884043,-406.94656409796016,-1.1142488833428936,sl,0.38490235940640155
2024-11-04 15:00:00+00:00,2024-11-04 17:00:00+00:00,short,1.0905081894,1.0887399529337412,445.3841827911986,1.1892252357133366,tp,0.39365117995226223
2024-11-06 01:00:00+00:00,2024-11-06 01:00:00+00:00,short,1.0930981376,1.0913025353397585,453.70535106260354,1.1906385481715194,tp,0.40813329967311013
2024-11-06 03:00:00+00:00,2024-11-06 03:00:00+00:00,short,1.0833683322,1.0805779927624304,735.03212398088,1.2299837338160138,tp,0.5274200233164902
2024-11-06 05:00:00+00:00,2024-11-06 05:00:00+00:00,short,1.0754484906,1.078354769373627,-851.0365883007094,-1.052273798536837,sl,0.4328031917105241
2024-11-06 13:00:00+00:00,2024-11-06 19:00:00+00:00,long,1.0714514286,1.075730336910265,1157.9697360441176,1.2545510499604386,tp,0.37025247258203586
2024-11-07 03:00:00+00:00,2024-11-07 05:00:00+00:00,short,1.0718885617999998,1.07442960634505,-753.2928248045952,-1.059640361090842,sl,0.41011690419059976
2024-11-07 09:00:00+00:00,2024-11-07 13:00:00+00:00,short,1.0753184932,1.0775203927726291,-650.7163419832443,-1.069126671386286,sl,0.3971193272583139
2024-11-07 22:00:00+00:00,2024-11-08 09:00:00+00:00,short,1.0799684002,1.0768782311480933,817.5829446311552,1.236937390751895,tp,0.3756766981935822
2024-11-10 23:00:00+00:00,2024-11-11 02:00:00+00:00,short,1.0709385807999998,1.072706316731549,-532.4173384515667,-1.0859382224510483,sl,0.3720052775765498
2024-11-11 04:00:00+00:00,2024-11-11 08:00:00+00:00,short,1.0723085534,1.0703747280437306,503.50642718316544,1.2002888454407508,tp,0.4056360060548614
2024-11-12 01:00:00+00:00,2024-11-12 03:00:00+00:00,short,1.0661586764,1.0643276860335698,480.18192663649364,1.1953450506713144,tp,0.4329999529676543
2024-11-13 17:00:00+00:00,2024-11-13 17:00:00+00:00,short,1.0590988176,1.0562740877850842,769.3478083148403,1.2323712303822283,tp,0.3746029986663924
2024-11-13 23:00:00+00:00,2024-11-14 04:00:00+00:00,long,1.05652113,1.0545155583723183,-614.2017840607266,-1.0744541984148306,sl,0.37074225320386667
2024-11-14 06:00:00+00:00,2024-11-14 09:00:00+00:00,long,1.054821096,1.053185266991857,-505.38267976203116,-1.0913721310701636,sl,0.3663158816445754
2024-11-14 16:00:00+00:00,2024-11-14 17:00:00+00:00,long,1.0554111078,1.0581656887713347,749.3761534546514,1.2306954102383258,tp,0.35850306439963564
2024-11-14 22:00:00+00:00,2024-11-15 07:00:00+00:00,long,1.0522510446,1.0549763914025536,748.9262470254708,1.2301666145112007,tp,0.4419993319955891
2024-11-15 09:00:00+00:00,2024-11-15 10:00:00+00:00,long,1.0556611127999997,1.0578123713017917,585.8079715690344,1.2114558736583574,tp,0.39472138199940365
2024-11-18 07:00:00+00:00,2024-11-18 10:00:00+00:00,long,1.053821076,1.055913955790315,573.2526402002736,1.20917039668628,tp,0.430230132535109
2024-11-18 12:00:00+00:00,2024-11-18 15:00:00+00:00,long,1.0546910934,1.0569337394366325,619.8236977805734,1.2151034429462966,tp,0.394425237379173
2024-11-18 17:00:00+00:00,2024-11-18 19:00:00+00:00,long,1.0572611447999998,1.0595014652906765,621.2641670705447,1.2148113462969041,tp,0.3505235827331323
2024-11-19 06:00:00+00:00,2024-11-19 09:00:00+00:00,long,1.0585911713999998,1.057094975146075,-479.42195759326256,-1.100391916506999,sl,0.3622890527469176
2024-11-19 17:00:00+00:00,2024-11-20 00:00:00+00:00,short,1.0585388288,1.060653517309978,-659.1532665830858,-1.07086978618636,sl,0.39536588529141553
2024-11-20 04:00:00+00:00,2024-11-20 08:00:00+00:00,short,1.059628807,1.0573799888429711,619.2566086695409,1.215144952618559,tp,0.34192311896754346
2024-11-21 11:00:00+00:00,2024-11-21 13:00:00+00:00,long,1.051571031,1.053436384936622,514.5124155780684,1.1984424683405686,tp,0.4521188164892017
2024-11-21 17:00:00+00:00,2024-11-21 17:00:00+00:00,long,1.0513910273999998,1.0496051373103283,-568.5689025829714,-1.0833205820114749,sl,0.4111233151076086
2024-11-21 19:00:00+00:00,2024-11-21 22:00:00+00:00,long,1.0488209759999998,1.0467796436167967,-642.4899741836628,-1.0725956801499676,sl,0.4371776340918336
2024-11-22 00:00:00+00:00,2024-11-22 09:00:00+00:00,long,1.047620952,1.045699969864986,-603.6977432487871,-1.0771097112284098,sl,0.4772833401643845
2024-11-22 11:00:00+00:00,2024-11-22 11:00:00+00:00,long,1.0393207859999998,1.0426890070955217,958.6929787204577,1.2440829123328816,tp,0.39065108765158635
2024-11-22 15:00:00+00:00,2024-11-22 16:00:00+00:00,long,1.0429108578,1.0401619235701307,-854.5079411025933,-1.05343879898764,sl,0.42512293739109214
2024-11-22 18:00:00+00:00,2024-11-25 15:00:00+00:00,long,1.0399407983999998,1.043438074533146,997.2355441411571,1.2460984502323886,tp,0.49176426651970845
2024-11-25 17:00:00+00:00,2024-11-26 00:00:00+00:00,long,1.0489009776,1.0459997655158042,-896.0919282164929,-1.050902642884555,sl,0.43694450215984554
2024-11-26 02:00:00+00:00,2024-11-26 04:00:00+00:00,long,1.0439508786,1.0475211190820097,1015.7569547986876,1.2469894827390076,tp,0.3942119477862687
2024-11-26 06:00:00+00:00,2024-11-26 10:00:00+00:00,long,1.0478809571999999,1.051269398420562,967.8932033212726,1.2439597810624208,tp,0.3749909675007193
2024-11-26 15:00:00+00:00,2024-11-26 17:00:00+00:00,long,1.0500610008,1.0476305815766125,-763.8736274273554,-1.0609323866340048,sl,0.38258875600553766
2024-11-26 19:00:00+00:00,2024-11-27 08:00:00+00:00,long,1.0471209419999998,1.0502136107018099,882.550821685036,1.238690359922917,tp,0.42485476150159524
2024-11-27 14:00:00+00:00,2024-11-27 14:00:00+00:00,long,1.0530610608,1.0554602929900865,677.9732308377019,1.220710710931125,tp,0.38280786638081216
2024-11-27 16:00:00+00:00,2024-11-27 16:00:00+00:00,long,1.0551011015999998,1.0578956665658767,799.4284389203625,1.2316979814024576,tp,0.3743529658532887
2024-11-27 18:00:00+00:00,2024-11-28 02:00:00+00:00,long,1.0573111458,1.0548788537738791,-771.0386198374222,-1.0613096239245843,sl,0.4075613466782097
2024-11-28 04:00:00+00:00,2024-11-28 08:00:00+00:00,long,1.0557611148,1.0539159880453361,-590.6314807030867,-1.080951469713253,sl,0.423150231045852
2024-11-28 10:00:00+00:00,2024-11-28 23:00:00+00:00,long,1.0541410824,1.0524002414627958,-557.0569484062347,-1.085731798604628,sl,0.37840695697579557
2024-11-29 06:00:00+00:00,2024-11-29 08:00:00+00:00,short,1.0568988616000001,1.058733707357671,-580.6352870411281,-1.0816642948996151,sl,0.4090296251740835
2024-12-02 01:00:00+00:00,2024-12-02 03:00:00+00:00,long,1.0545310902,1.0524034478161044,-664.9153921278872,-1.0700014191768206,sl,0.34426309632695196
2024-12-02 12:00:00+00:00,2024-12-02 13:00:00+00:00,long,1.0522110437999999,1.050295252433183,-599.8010386708306,-1.0776640619991305,sl,0.39425043281803257
2024-12-02 15:00:00+00:00,2024-12-02 15:00:00+00:00,long,1.0510510205999999,1.0490160738470689,-631.759829367734,-1.0729827444428393,sl,0.4489459740885889
2024-12-02 17:00:00+00:00,2024-12-02 18:00:00+00:00,long,1.04702094,1.0498533115587225,789.4162607302405,1.2331131302494003,tp,0.48227182228992993
2024-12-02 20:00:00+00:00,2024-12-03 09:00:00+00:00,long,1.049170983,1.0520049934238012,794.3129426549484,1.2330154148691201,tp,0.4653443075757
2024-12-03 11:00:00+00:00,2024-12-03 16:00:00+00:00,long,1.0520610408,1.050266175422654,-566.2865930719765,-1.0829520971103994,sl,0.3877820504501186
2024-12-03 19:00:00+00:00,2024-12-03 20:00:00+00:00,long,1.0531910634,1.0512238741806528,-613.0832756589958,-1.0756820956069058,sl,0.38772046488664386
2024-12-03 22:00:00+00:00,2024-12-04 04:00:00+00:00,long,1.0510310202,1.049125812404749,-592.5247479186395,-1.078012104093691,sl,0.4245993473582215
2024-12-04 06:00:00+00:00,2024-12-04 09:00:00+00:00,long,1.0510210199999999,1.0492910127161765,-538.2859489025427,-1.0860170578189332,sl,0.39286163705033006
2024-12-04 11:00:00+00:00,2024-12-04 14:00:00+00:00,long,1.0502710049999997,1.0484077014426045,-574.2696319099321,-1.0797299606547806,sl,0.3962435509298948
2024-12-05 12:00:00+00:00,2024-12-05 14:00:00+00:00,long,1.0525510505999998,1.0545653347686634,540.735311804701,1.2057794064418237,tp,0.38415413521712366
2024-12-06 03:00:00+00:00,2024-12-06 09:00:00+00:00,long,1.0569211379999999,1.0590056330667221,561.3804625420103,1.208543849288718,tp,0.43304918398030473
2024-12-06 11:00:00+00:00,2024-12-06 14:00:00+00:00,long,1.0577911554,1.0596682185313777,504.2405223208528,1.1984785705799699,tp,0.37595048136928505
2024-12-06 16:00:00+00:00,2024-12-06 16:00:00+00:00,long,1.0568511365999997,1.0549806559890518,-578.8307650346941,-1.0799240267837587,sl,0.48230814163179553
2024-12-09 05:00:00+00:00,2024-12-09 08:00:00+00:00,long,1.0536510726,1.0555869852776443,523.0034791414258,1.201909073832807,tp,0.420481833486767
2024-12-09 22:00:00+00:00,2024-12-10 09:00:00+00:00,long,1.0552011036,1.0536001835574125,-501.16204418378965,-1.0934270499997665,sl,0.3792033210643119
2024-12-10 11:00:00+00:00,2024-12-10 14:00:00+00:00,long,1.0532410643999999,1.051875375038088,-431.52920563195875,-1.109578520453653,sl,0.3763412862598841
2024-12-10 21:00:00+00:00,2024-12-11 08:00:00+00:00,long,1.0526510526,1.0511917853398984,-456.87971183836976,-1.1023852200692879,sl,0.435268129162491
2024-12-11 10:00:00+00:00,2024-12-11 11:00:00+00:00,long,1.0505010096,1.0490760198030409,-445.81960943858655,-1.1046693300713402,sl,0.45235893627931184
2024-12-11 13:00:00+00:00,2024-12-11 14:00:00+00:00,long,1.0506410124,1.052487743506984,492.30838032399845,1.1975205109112783,tp,0.44917258784484293
2024-12-11 16:00:00+00:00,2024-12-11 16:00:00+00:00,long,1.0503010056,1.0485159968256526,-549.6511166437681,-1.0832747120994568,sl,0.44050304458340167
2024-12-11 18:00:00+00:00,2024-12-11 18:00:00+00:00,long,1.0508310161999999,1.0488973213650545,-588.903210468943,-1.0768342138702316,sl,0.4197023313801478
2024-12-11 20:00:00+00:00,2024-12-12 02:00:00+00:00,long,1.0483309662,1.0508548252557386,683.2036791724164,1.224923956743803,tp,0.49260335458338794
2024-12-12 05:00:00+00:00,2024-12-12 08:00:00+00:00,long,1.050621012,1.0525777259744975,523.9803194205393,1.2032155095080153,tp,0.41962247420442883
2024-12-12 10:00:00+00:00,2024-12-12 11:00:00+00:00,long,1.051071021,1.0495967934353765,-460.26800313000996,-1.1011759305586573,sl,0.40094973873819456
2024-12-12 13:00:00+00:00,2024-12-12 14:00:00+00:00,long,1.0500610008,1.048548003999949,-469.6815362095972,-1.0984486710301091,sl,0.4434055162946076
2024-12-12 16:00:00+00:00,2024-12-12 16:00:00+00:00,long,1.0520810412,1.050177763227231,-577.7568300977059,-1.0781711397017923,sl,0.39769505335001476
2024-12-12 21:00:00+00:00,2024-12-13 13:00:00+00:00,long,1.0473109458,1.0502287235245416,793.8371096041626,1.235036167897961,tp,0.4757688808130873
2024-12-13 16:00:00+00:00,2024-12-16 00:00:00+00:00,long,1.048670973,1.050939277600049,613.2101983777591,1.216527942982829,tp,0.4157655104405868
2024-12-16 05:00:00+00:00,2024-12-16 11:00:00+00:00,long,1.0512210239999997,1.0498411765617381,-432.63485665895195,-1.1082245681490126,sl,0.41811166590681065
2024-12-16 15:00:00+00:00,2024-12-16 15:00:00+00:00,long,1.0506310122,1.0491617255961532,-456.5946919636277,-1.1014782290453975,sl,0.40467647445060134
2024-12-16 17:00:00+00:00,2024-12-17 01:00:00+00:00,long,1.0508910174,1.053074405276578,585.964355764818,1.2131348845690608,tp,0.3992217149426464
2024-12-17 08:00:00+00:00,2024-12-17 09:00:00+00:00,long,1.0502510046,1.0488483065105756,-438.24721585482433,-1.1063336055876616,sl,0.40882595381911446
2024-12-17 22:00:00+00:00,2024-12-18 05:00:00+00:00,long,1.0487209739999999,1.050484023432698,467.9720249308312,1.1929121382452526,tp,0.4233381583216277
2024-12-18 14:00:00+00:00,2024-12-18 16:00:00+00:00,long,1.0490809812,1.0478282591285448,-395.7708477026109,-1.1191554625758426,sl,0.41898139756068836
2024-12-18 22:00:00+00:00,2024-12-18 23:00:00+00:00,long,1.0369407384,1.034704200922599,-683.0161810218376,-1.065434778370888,sl,0.41567670654525424
2024-12-19 01:00:00+00:00,2024-12-19 03:00:00+00:00,long,1.0353307062,1.0388866463947044,987.519927344887,1.2472140301738688,tp,0.5675217427964344
2024-12-19 05:00:00+00:00,2024-12-19 09:00:00+00:00,long,1.0378007555999997,1.0410222013368071,897.8979179770356,1.2416410392104666,tp,0.5188242375094113
2024-12-19 11:00:00+00:00,2024-12-19 14:00:00+00:00,long,1.0410108198,1.0388077417655148,-678.911040628163,-1.066702830224944,sl,0.459420019712904
2024-12-19 16:00:00+00:00,2024-12-19 17:00:00+00:00,long,1.0395407903999998,1.0374239978969007,-650.2292414335163,-1.0693529379195212,sl,0.45703113734194445
2024-12-19 19:00:00+00:00,2024-12-20 07:00:00+00:00,long,1.0364107277999999,1.034181261761399,-680.4368147832461,-1.0656106208355791,sl,0.5251322987353992
2024-12-20 09:00:00+00:00,2024-12-20 14:00:00+00:00,long,1.0381107617999998,1.0402565335720184,579.3445464963092,1.2126918489295102,tp,0.4525983348850535
2024-12-20 16:00:00+00:00,2024-12-20 17:00:00+00:00,long,1.0394007876,1.041780398063176,649.2946687740891,1.2210901115577752,tp,0.42022465693244854
2024-12-20 23:00:00+00:00,2024-12-23 08:00:00+00:00,long,1.0429608588,1.0410142589018818,-598.3999914037531,-1.0757403594957258,sl,0.3652670894442979
2024-12-23 10:00:00+00:00,2024-12-23 11:00:00+00:00,long,1.0418108358,1.0403293194232592,-461.7712636210096,-1.099770299564536,sl,0.49014774726508414
2024-12-23 17:00:00+00:00,2024-12-23 18:00:00+00:00,long,1.039370787,1.0413874166157673,542.5470007777614,1.2070529185714998,tp,0.4201787519907176
2024-12-23 20:00:00+00:00,2024-12-23 23:00:00+00:00,long,1.0408308162,1.0391516932281193,-519.4441387964796,-1.0877880543383807,sl,0.41861603101494355
2024-12-24 05:00:00+00:00,2024-12-24 23:00:00+00:00,long,1.0391807832,1.0410416942448155,498.10433190216156,1.1993879314639662,tp,0.42378752500367356
2024-12-25 12:00:00+00:00,2024-12-25 12:00:00+00:00,long,1.038970779,1.0411622052461222,596.0262802655573,1.214421453494304,tp,0.3924800595696099
2024-12-25 22:00:00+00:00,2024-12-25 22:00:00+00:00,long,1.043670873,1.041521606716173,-656.8881006879166,-1.068567923240314,sl,0.4448153443553514
2024-12-26 00:00:00+00:00,2024-12-26 19:00:00+00:00,long,1.0395707909999998,1.0426064347046944,838.4730222756542,1.237994972823489,tp,0.3992123816108213
2024-12-27 00:00:00+00:00,2024-12-27 03:00:00+00:00,long,1.0420508406,1.0406868954173976,-431.47523557017803,-1.1085362598800574,sl,0.3634074622940997
2024-12-27 14:00:00+00:00,2024-12-27 16:00:00+00:00,long,1.0435408704,1.042263705381085,-404.0605868897157,-1.1162076888630177,sl,0.37804819095764336
2024-12-27 22:00:00+00:00,2024-12-30 09:00:00+00:00,long,1.0425508505999999,1.041299040805589,-395.4968430180168,-1.1184885118482624,sl,0.4164481937943505
2024-12-30 12:00:00+00:00,2024-12-30 13:00:00+00:00,long,1.0437908754,1.045247493968888,380.4408760181111,1.17132393158004,tp,0.41220619014245163
2024-12-30 15:00:00+00:00,2024-12-30 15:00:00+00:00,long,1.0386307721999999,1.040734621117993,570.5513493421214,1.2109270267483019,tp,0.42204660285740475
2024-12-30 17:00:00+00:00,2024-12-30 19:00:00+00:00,long,1.0382107637999998,1.0406127022547793,660.5169339993893,1.2219050195531345,tp,0.4259878266691338
2024-12-30 22:00:00+00:00,2024-12-31 10:00:00+00:00,long,1.0398607968,1.0420496253988518,601.632583935652,1.2142483518506655,tp,0.4007574861821676
2024-12-31 14:00:00+00:00,2024-12-31 15:00:00+00:00,long,1.039420788,1.0379990027664268,-453.66183157760895,-1.1037851569317856,sl,0.43403054324346035
2024-12-31 18:00:00+00:00,2025-01-02 03:00:00+00:00,long,1.0349906993999998,1.0370373342154042,563.81704056208,1.2087820992949745,tp,0.42085524035234706
2025-01-02 05:00:00+00:00,2025-01-02 07:00:00+00:00,long,1.0372407444,1.0359571672970298,-414.35939421483323,-1.1149072062693446,sl,0.4303535597917177
2025-01-02 09:00:00+00:00,2025-01-02 09:00:00+00:00,long,1.0366207319999998,1.0354049648039687,-393.0114206682527,-1.121358103489504,sl,0.42909882003708627
2025-01-02 11:00:00+00:00,2025-01-02 11:00:00+00:00,long,1.0353307062,1.033953062861105,-439.27555994655626,-1.1067357096439814,sl,0.48390805236803236
2025-01-02 13:00:00+00:00,2025-01-02 13:00:00+00:00,long,1.0333606668,1.0317309149678566,-511.68503318005156,-1.0898260000786026,sl,0.4862024376881863
2025-01-02 15:00:00+00:00,2025-01-02 16:00:00+00:00,long,1.0312506246,1.0295466621355769,-531.6337979749595,-1.0856847195580093,sl,0.4452898841716818
2025-01-02 18:00:00+00:00,2025-01-03 09:00:00+00:00,long,1.0260005195999997,1.028738733136131,760.4845505096711,1.2322103203416,tp,0.446127031259226
2025-01-03 12:00:00+00:00,2025-01-03 16:00:00+00:00,long,1.0284605688,1.0303959697608465,529.6943129263778,1.2042020701203122,tp,0.4295106252767971
2025-01-03 18:00:00+00:00,2025-01-06 03:00:00+00:00,long,1.0294105878,1.031499057453667,576.9103889923751,1.2110661135100054,tp,0.4548714599207568
2025-01-06 05:00:00+00:00,2025-01-06 09:00:00+00:00,short,1.0316993656,1.0329085004339194,-392.76761621014776,-1.121612971427417,sl,0.44993092453381833
2025-01-06 14:00:00+00:00,2025-01-06 15:00:00+00:00,long,1.0413908273999999,1.0391251990001746,-695.0818583784238,-1.0648658816419962,sl,0.41575303642252387
2025-01-06 17:00:00+00:00,2025-01-07 09:00:00+00:00,long,1.0391707829999999,1.0426371824544338,966.9870418157589,1.2456620580314506,tp,0.4397358829283708
2025-01-07 11:00:00+00:00,2025-01-07 12:00:00+00:00,long,1.0425608508,1.040804830825336,-547.808949046028,-1.0840353636108626,sl,0.38915082636731213
2025-01-07 14:00:00+00:00,2025-01-07 16:00:00+00:00,long,1.0389907794,1.0370851313038896,-590.0780052156912,-1.0770896128280243,sl,0.46349254627964276
2025-01-07 18:00:00+00:00,2025-01-07 19:00:00+00:00,long,1.0370607407999999,1.035058898546398,-615.4884538978629,-1.0732046811085962,sl,0.5408548129195591
2025-01-07 21:00:00+00:00,2025-01-08 08:00:00+00:00,long,1.0354807092,1.0335523023055637,-591.4231562204734,-1.0759085549871095,sl,0.42601233376960146
2025-01-08 12:00:00+00:00,2025-01-08 12:00:00+00:00,long,1.031820636,1.0303849431996661,-448.2464321621892,-1.102001277286766,sl,0.41568888640181234
2025-01-08 14:00:00+00:00,2025-01-08 17:00:00+00:00,long,1.0289705789999999,1.0311297728606585,584.0766470951121,1.2139846376819594,tp,0.4498368341673172
2025-01-08 19:00:00+00:00,2025-01-09 08:00:00+00:00,long,1.0307106138,1.02891089506924,-554.1944620766238,-1.0810256145100585,sl,0.4795841859265033
2025-01-09 11:00:00+00:00,2025-01-09 17:00:00+00:00,long,1.0305006096,1.028984425426828,-469.942856698793,-1.0963819267468775,sl,0.407863535423523
2025-01-10 02:00:00+00:00,2025-01-10 07:00:00+00:00,long,1.0294305881999999,1.0282293080569231,-378.24235171186115,-1.1219808111815972,sl,0.45971800340866803
2025-01-10 09:00:00+00:00,2025-01-10 09:00:00+00:00,long,1.02952059,1.0309719177840195,377.5905520332012,1.1726012956195555,tp,0.43193657687380405
2025-01-10 11:00:00+00:00,2025-01-10 14:00:00+00:00,long,1.0300506005999999,1.0288588332540258,-375.3190968681448,-1.1230476558505489,sl,0.4434324603157458
2025-01-10 18:00:00+00:00,2025-01-10 22:00:00+00:00,long,1.0237904754,1.0217272074224117,-625.1809953715983,-1.0700820928988717,sl,0.38214031454680025
2025-01-12 22:00:00+00:00,2025-01-13 10:00:00+00:00,long,1.0236104717999999,1.0200516030905693,-1008.9346140025124,-1.0404189593113709,sl,0.5569131820543304
2025-01-13 12:00:00+00:00,2025-01-13 22:00:00+00:00,long,1.0198803972,1.0232831651937013,925.9383200401439,1.2456734045419544,tp,0.4823579287951945
2025-01-14 01:00:00+00:00,2025-01-14 20:00:00+00:00,long,1.0263505266,1.029367396168935,819.4753928940715,1.2383991064514006,tp,0.393448246869579
2025-01-15 00:00:00+00:00,2025-01-15 14:00:00+00:00,short,1.030629387,1.0328999242255597,-680.9994871492493,-1.064212032245303,sl,0.6620117301721047
2025-01-15 16:00:00+00:00,2025-01-15 16:00:00+00:00,long,1.0322806452,1.0302849318454257,-597.6588368331348,-1.073089725043446,sl,0.4127135614127976
2025-01-15 18:00:00+00:00,2025-01-16 18:00:00+00:00,long,1.028270565,1.0312048081518888,790.7591802607211,1.23656198453217,tp,0.4066231780111794
2025-01-17 23:00:00+00:00,2025-01-17 23:00:00+00:00,long,1.027420548,1.0247802139319067,-784.501445989014,-1.054823258903872,sl,0.4732947938765401
2025-01-19 23:00:00+00:00,2025-01-20 14:00:00+00:00,long,1.027170543,1.0328468877942023,1221.9476517647488,1.2670816490850423,tp,0.3886365516423824
2025-01-20 16:00:00+00:00,2025-01-20 18:00:00+00:00,long,1.0411308222,1.0380371038378462,-905.694019424845,-1.047352183308124,sl,0.3892473563640197
2025-01-20 20:00:00+00:00,2025-01-21 01:00:00+00:00,long,1.0398507966,1.0367433500332084,-902.1881598808783,-1.0470827742155677,sl,0.4464622127877103
2025-01-21 03:00:00+00:00,2025-01-21 17:00:00+00:00,long,1.0371207419999997,1.0413783471717604,1145.9023488594341,1.2557783654334338,tp,0.5036556363197381
2025-01-21 19:00:00+00:00,2025-01-22 00:00:00+00:00,long,1.0420908413999999,1.0396094124309188,-727.7926817364372,-1.0592101382406909,sl,0.39943571077104123
2025-01-22 02:00:00+00:00,2025-01-22 10:00:00+00:00,long,1.0417308341999998,1.0446771241517236,782.1258244825754,1.2359992589441555,tp,0.4269861304677731
2025-01-22 12:00:00+00:00,2025-01-22 14:00:00+00:00,long,1.0448008956,1.042856818134799,-576.6662955317568,-1.075975199429901,sl,0.38442842130821897
2025-01-22 16:00:00+00:00,2025-01-22 23:00:00+00:00,long,1.0419708389999998,1.0400520009472811,-567.6921796453845,-1.0767755620205433,sl,0.43734347461642925
2025-01-23 01:00:00+00:00,2025-01-23 08:00:00+00:00,long,1.040870817,1.0390645142690447,-533.8058215301905,-1.0815324063701084,sl,0.38363990323933056
2025-01-23 10:00:00+00:00,2025-01-23 11:00:00+00:00,long,1.0397107937999999,1.041577456248295,479.3290041251628,1.1996436558505843,tp,0.3760415708943889
2025-01-23 13:00:00+00:00,2025-01-23 16:00:00+00:00,long,1.0401408023999998,1.0386658320353186,-442.2572427988035,-1.1000567096107121,sl,0.35464993570284886
2025-01-23 18:00:00+00:00,2025-01-23 18:00:00+00:00,short,1.041779164,1.043628701780096,-542.5473055949581,-1.0798377935598187,sl,0.43713385973632946
2025-01-23 20:00:00+00:00,2025-01-24 03:00:00+00:00,short,1.0424091514,1.0442788860006909,-544.6713784688766,-1.07901478565368,sl,0.3842164239773397
2025-01-24 05:00:00+00:00,2025-01-24 07:00:00+00:00,long,1.0445208899999998,1.0466907684178832,553.8512937857423,1.2131240120155304,tp,0.40510288982357207
2025-01-24 11:00:00+00:00,2025-01-24 13:00:00+00:00,long,1.0493409863999998,1.0474512462975696,-546.7166252051326,-1.0785304534823608,sl,0.40329829394735894
2025-01-24 15:00:00+00:00,2025-01-24 15:00:00+00:00,long,1.04702094,1.0493028130355988,582.7580903829571,1.217148366817898,tp,0.4567508062291457
2025-01-24 17:00:00+00:00,2025-01-24 19:00:00+00:00,long,1.0517410344,1.049787631408537,-562.9888541568704,-1.0761164217910764,sl,0.42257940567440205
2025-01-24 21:00:00+00:00,2025-01-24 22:00:00+00:00,long,1.0492409844,1.0474244614821364,-523.9782320255388,-1.0817280903887643,sl,0.43431216490441255
2025-01-26 23:00:00+00:00,2025-01-28 09:00:00+00:00,long,1.0479009575999998,1.0419641836718727,-961.4610924620004,-1.0247182614472163,sl,0.36728792545633426
2025-01-28 13:00:00+00:00,2025-01-29 10:00:00+00:00,long,1.0421808432,1.040218563556505,-557.957516082852,-1.0750711508378474,sl,0.4004006461889649
2025-01-29 14:00:00+00:00,2025-01-29 14:00:00+00:00,long,1.0404608088,1.0390250213236436,-415.34771985102515,-1.1028617604572937,sl,0.4034119320272327
2025-01-29 16:00:00+00:00,2025-01-29 16:00:00+00:00,long,1.0399007975999999,1.0418163381080356,474.69561249900147,1.2021566159271664,tp,0.45207886902397737
2025-01-29 19:00:00+00:00,2025-01-29 19:00:00+00:00,long,1.0421408423999998,1.0405425538895878,-458.20403285541727,-1.0924084779780054,sl,0.45107336019576383
2025-01-29 21:00:00+00:00,2025-01-30 11:00:00+00:00,long,1.041770835,1.0399179767648699,-523.4542030326588,-1.0795280434003627,sl,0.41394056910892774
2025-01-30 13:00:00+00:00,2025-01-30 14:00:00+00:00,long,1.0391807832,1.0410394048717126,457.4112711489734,1.1992654988657057,tp,0.5404243867644645
2025-01-30 23:00:00+00:00,2025-01-31 10:00:00+00:00,long,1.039120782,1.0370149722492055,-591.3949758934688,-1.0696901910527714,sl,0.42480056156118157
2025-01-31 12:00:00+00:00,2025-01-31 16:00:00+00:00,long,1.0375607507999998,1.0398529686648896,571.8996783475912,1.218256059633197,tp,0.4201504700365848
2025-01-31 20:00:00+00:00,2025-02-02 22:00:00+00:00,long,1.0370807412,1.034686012460298,-669.1055009547723,-1.0610775171563458,sl,0.41716674695066946
2025-02-03 00:00:00+00:00,2025-02-03 13:00:00+00:00,long,1.0236104717999999,1.0276800655175122,1054.3284940138763,1.2543486225073928,tp,0.5136424386006663
2025-02-03 15:00:00+00:00,2025-02-03 16:00:00+00:00,long,1.0261405223999998,1.0297780168183328,947.3344286050376,1.2488431421833963,tp,0.5094882524222003
2025-02-03 18:00:00+00:00,2025-02-03 22:00:00+00:00,long,1.0278305561999999,1.0321925998316643,1152.4312967136389,1.257213619827915,tp,0.5144196002292372
2025-02-04 00:00:00+00:00,2025-02-04 02:00:00+00:00,long,1.0341806831999998,1.0310038974304363,-902.9822765065192,-1.0457934082693416,sl,0.4545330013526564
2025-02-04 04:00:00+00:00,2025-02-04 06:00:00+00:00,long,1.0323306462,1.0295630991810303,-784.802013640011,-1.0525328155751421,sl,0.4306556398188495
2025-02-04 08:00:00+00:00,2025-02-04 09:00:00+00:00,long,1.0303206059999999,1.0336014337946715,851.3897705554494,1.2430985671990917,tp,0.4193476716415629
2025-02-04 14:00:00+00:00,2025-02-04 15:00:00+00:00,long,1.0326106517999998,1.0355241450391615,757.4887324620597,1.2358467674146891,tp,0.4155678749261647
2025-02-05 00:00:00+00:00,2025-02-05 08:00:00+00:00,long,1.037770755,1.0402136776408841,631.4865842830703,1.2232346534687275,tp,0.4094724355222935
2025-02-05 10:00:00+00:00,2025-02-05 11:00:00+00:00,long,1.0406508125999998,1.0428451855627778,565.899027540483,1.2143984233275553,tp,0.3975085247925292
2025-02-05 13:00:00+00:00,2025-02-05 15:00:00+00:00,long,1.0412808251999999,1.043565335375693,593.6896868340375,1.2176920570413292,tp,0.4012980238615991
2025-02-05 17:00:00+00:00,2025-02-05 21:00:00+00:00,long,1.0421808432,1.0401986539623485,-582.415061594531,-1.0743082924849325,sl,0.3996489876703497
2025-02-05 23:00:00+00:00,2025-02-06 05:00:00+00:00,long,1.0402208039999998,1.0385292354090072,-499.92194401674135,-1.087081764594448,sl,0.4822368918276554
2025-02-06 07:00:00+00:00,2025-02-06 09:00:00+00:00,long,1.0386307721999999,1.0372684289911056,-407.7373842173044,-1.1083035289247187,sl,0.4886879931465266
2025-02-07 21:00:00+00:00,2025-02-09 22:00:00+00:00,long,1.0332506646,1.031039756874164,-640.8097020179883,-1.065963348468235,sl,0.42134528033743673
2025-02-10 00:00:00+00:00,2025-02-10 08:00:00+00:00,long,1.0297605948,1.0324694812488264,707.110738207049,1.2312342200110054,tp,0.5002515692396869
2025-02-10 10:00:00+00:00,2025-02-10 15:00:00+00:00,long,1.0323406463999998,1.0306327459282978,-503.5265502685559,-1.0855760970730461,sl,0.5163470647068626
2025-02-10 17:00:00+00:00,2025-02-11 00:00:00+00:00,long,1.0316906334,1.0300784159567253,-474.9624821395818,-1.0906677062912118,sl,0.4658868675782235
2025-02-11 02:00:00+00:00,2025-02-11 03:00:00+00:00,long,1.0304206079999998,1.0291310400127165,-385.1690587074733,-1.1135995590757988,sl,0.49376920071859415
2025-02-11 05:00:00+00:00,2025-02-11 09:00:00+00:00,long,1.029820596,1.0313923540120267,393.2986615446373,1.1821948223386203,tp,0.4870484196973617
2025-02-11 11:00:00+00:00,2025-02-11 15:00:00+00:00,long,1.031720634,1.0332279186004647,376.61698813321846,1.1770048084682379,tp,0.43591382989993754
2025-02-11 17:00:00+00:00,2025-02-11 20:00:00+00:00,long,1.0340106798,1.035552788807157,386.71671946910925,1.1794801678690487,tp,0.40909908275907975
2025-02-12 04:00:00+00:00,2025-02-12 08:00:00+00:00,long,1.03602072,1.037541507711684,381.66107566522004,1.1775804713503613,tp,0.4139990307156728
2025-02-12 10:00:00+00:00,2025-02-12 12:00:00+00:00,long,1.037070741,1.0385614149309808,374.52657263753713,1.1750186919236272,tp,0.425894039266314
2025-02-12 15:00:00+00:00,2025-02-12 15:00:00+00:00,long,1.0332306641999998,1.0351452625216875,494.63632020194984,1.2027295624579801,tp,0.42657052795280037
2025-02-12 18:00:00+00:00,2025-02-12 18:00:00+00:00,long,1.039470789,1.042051174493095,677.7796746705359,1.2271679901768549,tp,0.40262445806861424
2025-02-12 21:00:00+00:00,2025-02-13 04:00:00+00:00,long,1.0389607788,1.0417781420087455,748.8389277344345,1.233273038047781,tp,0.3958746632051704
2025-02-13 06:00:00+00:00,2025-02-13 09:00:00+00:00,long,1.04352087,1.0416118374554773,-567.6387675367326,-1.0772908718699525,sl,0.4269793738188995
2025-02-13 11:00:00+00:00,2025-02-13 12:00:00+00:00,long,1.0423908473999999,1.0406323379118043,-523.0919047807711,-1.0839009921559932,sl,0.4126313541174386
2025-02-13 14:00:00+00:00,2025-02-13 16:00:00+00:00,long,1.0387807751999998,1.0411566745946232,623.9588964452303,1.221014760398812,tp,0.5085874822185762
2025-02-13 18:00:00+00:00,2025-02-13 19:00:00+00:00,long,1.0426808531999998,1.0405679323275394,-622.0010607010784,-1.0696936417811782,sl,0.433800133552995
2025-02-13 22:00:00+00:00,2025-02-14 14:00:00+00:00,long,1.0462309242,1.0493951425703412,836.2233560751326,1.2401157692425684,tp,0.4034586950643802
2025-02-14 16:00:00+00:00,2025-02-16 22:00:00+00:00,long,1.0504910094,1.0486614071846927,-540.6767594714669,-1.0812343646652374,sl,0.40547612166670943
2025-02-17 00:00:00+00:00,2025-02-17 09:00:00+00:00,long,1.0490609808,1.0476570919979904,-421.14519673926964,-1.1061196800239008,sl,0.48539338393258363
2025-02-17 11:00:00+00:00,2025-02-18 02:00:00+00:00,long,1.0474509486,1.0461531369718218,-390.7746858868517,-1.1147631659760728,sl,0.4494722310968542
2025-02-18 04:00:00+00:00,2025-02-18 05:00:00+00:00,long,1.0468409364,1.0457356672052507,-336.71748642811133,-1.1350755558973615,sl,0.3962687174675773
2025-02-18 07:00:00+00:00,2025-02-18 14:00:00+00:00,long,1.0455509106,1.0444592790590772,-332.17946331000906,-1.136625091091193,sl,0.4019703628329378
2025-02-18 22:00:00+00:00,2025-02-19 10:00:00+00:00,long,1.0447308942,1.0434870202233084,-372.69081501180506,-1.1195116731577412,sl,0.4240784162605326
2025-02-19 12:00:00+00:00,2025-02-19 15:00:00+00:00,long,1.0422408443999998,1.0437304230545663,370.82238538106077,1.1743137276841604,tp,0.6325578731815393
2025-02-19 17:00:00+00:00,2025-02-19 17:00:00+00:00,long,1.0422708449999998,1.0410075974560942,-378.7681226299922,-1.1173648655236992,sl,0.43040056030936513
2025-02-19 19:00:00+00:00,2025-02-19 20:00:00+00:00,long,1.0411408224,1.0428292674716293,425.316102845784,1.1890402269334825,tp,0.4793416751611982
2025-02-19 22:00:00+00:00,2025-02-20 09:00:00+00:00,long,1.042420848,1.0440783827992663,418.22959635907205,1.186861521742735,tp,0.45299892882535686
2025-02-20 11:00:00+00:00,2025-02-20 14:00:00+00:00,long,1.0435308702,1.0450980058106167,394.8366473058952,1.180301261503245,tp,0.43747709428717174
2025-02-20 21:00:00+00:00,2025-02-21 09:00:00+00:00,short,1.0499889998,1.047965730352193,518.5386603535982,1.2066214722826674,tp,0.3573035905135402
2025-02-21 11:00:00+00:00,2025-02-21 15:00:00+00:00,long,1.0469609387999999,1.0487209749751991,450.3569391992869,1.192908871169526,tp,0.46106756735486953
2025-02-21 17:00:00+00:00,2025-02-24 00:00:00+00:00,long,1.0457309141999998,1.0477381151758138,521.5447287135044,1.2060563855291708,tp,0.4058540340947524
2025-02-24 03:00:00+00:00,2025-02-24 07:00:00+00:00,long,1.051921038,1.0503370755128447,-473.76360374222224,-1.0941438607127711,sl,0.45688334467551506
2025-02-24 09:00:00+00:00,2025-02-24 09:00:00+00:00,long,1.049170983,1.0475673556411287,-478.0328138981641,-1.0927265619950668,sl,0.3813823795878173
2025-02-24 11:00:00+00:00,2025-02-24 15:00:00+00:00,long,1.0468609368,1.0452005314775563,-492.2920229915576,-1.0893126178674803,sl,0.4801827855210867
2025-02-24 20:00:00+00:00,2025-02-24 21:00:00+00:00,long,1.0482509646,1.0466584878526566,-470.5658298253022,-1.0933020227566361,sl,0.4001370845370415
2025-02-25 09:00:00+00:00,2025-02-25 09:00:00+00:00,long,1.0460709209999999,1.0476411814621764,394.5265336044788,1.1802494228707494,tp,0.3976433172747083
2025-02-25 22:00:00+00:00,2025-02-26 04:00:00+00:00,long,1.0516310321999998,1.0501641229627432,-434.54121690216107,-1.1017434461035727,sl,0.39840118525786794
2025-02-26 06:00:00+00:00,2025-02-26 13:00:00+00:00,long,1.0497509945999999,1.0484533698417857,-387.23288252763916,-1.1150363390493165,sl,0.4470120021996158
2025-02-26 15:00:00+00:00,2025-02-26 16:00:00+00:00,long,1.048320966,1.050073812257367,441.37062920245245,1.192337313383185,tp,0.41253700758022893
2025-02-26 18:00:00+00:00,2025-02-26 18:00:00+00:00,short,1.0512389748000002,1.052735868520362,-441.15909712757195,-1.0998027186973263,sl,0.38048426598922597
2025-02-26 22:00:00+00:00,2025-02-27 03:00:00+00:00,long,1.0487509745999999,1.0470849012932348,-485.90267314519843,-1.089167520695415,sl,0.4093854810506719
2025-02-27 05:00:00+00:00,2025-02-27 10:00:00+00:00,long,1.0464909294,1.0483254785454201,462.0253057734172,1.197250856492358,tp,0.45001045886238317
2025-02-27 15:00:00+00:00,2025-02-27 16:00:00+00:00,long,1.042670853,1.0409576987702414,-501.25180125177474,-1.086175203387634,sl,0.4197502936496233
2025-02-27 18:00:00+00:00,2025-02-27 22:00:00+00:00,long,1.0414008276,1.039623504376342,-516.5933372600429,-1.0829216226652245,sl,0.4203532197572506
2025-02-28 00:00:00+00:00,2025-02-28 14:00:00+00:00,long,1.0392207839999998,1.0412537542685547,516.4526566652322,1.2078047794562758,tp,0.532364624690881
2025-02-28 16:00:00+00:00,2025-02-28 16:00:00+00:00,long,1.041120822,1.0397746131065646,-399.61650598336934,-1.1098900010088286,sl,0.4676369804935179
2025-02-28 18:00:00+00:00,2025-02-28 19:00:00+00:00,long,1.0399607988,1.038512962847227,-425.84788674161086,-1.1019428491475172,sl,0.4538923851811355
2025-02-28 21:00:00+00:00,2025-03-02 22:00:00+00:00,long,1.0366207319999998,1.0387002025297276,528.7008456423173,1.2100667860859466,tp,0.5517572597742263
2025-03-03 00:00:00+00:00,2025-03-03 00:00:00+00:00,long,1.0400107997999999,1.0420047925282285,506.67824868659267,1.2059525727413902,tp,0.5013730190398125
2025-03-03 02:00:00+00:00,2025-03-03 09:00:00+00:00,long,1.0409908194,1.0393592750573404,-478.2415391508143,-1.0903976393068198,sl,0.5190469740693071
2025-03-03 18:00:00+00:00,2025-03-03 20:00:00+00:00,long,1.0492209839999997,1.0474582309269436,-507.6190593261051,-1.0842519477054344,sl,0.4136755247191938
2025-03-03 22:00:00+00:00,2025-03-04 09:00:00+00:00,long,1.0481109618,1.0504426672365041,590.311667934168,1.2188175099005805,tp,0.4666596867954461
2025-03-04 11:00:00+00:00,2025-03-04 12:00:00+00:00,long,1.0509110178,1.0531710338198503,573.1116869346898,1.2160479219634774,tp,0.3687059320378166
2025-03-04 14:00:00+00:00,2025-03-04 14:00:00+00:00,long,1.0553011056,1.0533586732214926,-556.7609261422026,-1.0768137226196062,sl,0.3962002486971987
2025-03-04 16:00:00+00:00,2025-03-04 18:00:00+00:00,long,1.0515810312,1.0542883574752948,692.9050910649473,1.2297504096727125,tp,0.4164174735328063
2025-03-04 20:00:00+00:00,2025-03-04 21:00:00+00:00,long,1.0592811852,1.0623671892635453,794.3452947270474,1.2378516184094144,tp,0.4245319411579049
2025-03-04 23:00:00+00:00,2025-03-05 08:00:00+00:00,long,1.06202124,1.0650313909416165,778.3647338672764,1.2361357278638545,tp,0.39455078956165374
2025-03-05 10:00:00+00:00,2025-03-05 15:00:00+00:00,short,1.070028599,1.07237041561873,-667.4669481493572,-1.0646409596581983,sl,0.5091857749338958
2025-03-05 17:00:00+00:00,2025-03-05 20:00:00+00:00,short,1.0762484746,1.0791215707241082,-800.9493337467995,-1.0529207276955463,sl,0.42751048161546645
2025-03-05 22:00:00+00:00,2025-03-06 02:00:00+00:00,short,1.0791984156,1.0818690623802865,-738.7565991445522,-1.0571160572423004,sl,0.669530533593508
2025-03-06 04:00:00+00:00,2025-03-06 14:00:00+00:00,short,1.080278394,1.082640747977218,-651.6844014641276,-1.06469322306362,sl,0.5479152391682346
2025-03-06 16:00:00+00:00,2025-03-06 18:00:00+00:00,short,1.0840583183999999,1.080763958395904,818.9073901911646,1.240604061437653,tp,0.42947675812205494
2025-03-06 21:00:00+00:00,2025-03-07 08:00:00+00:00,short,1.0801083974,1.082904620618224,-766.6208398606152,-1.0545809558728518,sl,0.39113701570564485
2025-03-07 10:00:00+00:00,2025-03-07 10:00:00+00:00,short,1.0849383008,1.0871068291099442,-594.750634374928,-1.0708335001541864,sl,0.43761091560171056
2025-03-07 19:00:00+00:00,2025-03-10 02:00:00+00:00,short,1.0842683142,1.0869480695286287,-722.8257170716922,-1.057189822701176,sl,0.42453107711056803
2025-03-10 04:00:00+00:00,2025-03-10 09:00:00+00:00,short,1.083528329,1.0808156096536095,659.6753435959016,1.2279826887496053,tp,0.3900177068432699
2025-03-10 11:00:00+00:00,2025-03-10 12:00:00+00:00,short,1.0858182831999998,1.083043021390064,678.9760559746652,1.2294475425445262,tp,0.37797022705665223
2025-03-10 14:00:00+00:00,2025-03-11 07:00:00+00:00,short,1.0840583183999999,1.0864638951226229,-656.7357709120233,-1.063745752175118,sl,0.40173740796656227
2025-03-11 13:00:00+00:00,2025-03-11 14:00:00+00:00,short,1.0904181912000002,1.0927497267964583,-629.5876441339582,-1.066175645010145,sl,0.37099797584139077
2025-03-11 17:00:00+00:00,2025-03-12 04:00:00+00:00,short,1.0925581484,1.0896385990242987,706.7414476865728,1.232499721989543,tp,0.4056279719037771
2025-03-12 08:00:00+00:00,2025-03-12 09:00:00+00:00,short,1.0892082153999998,1.0907850358289115,-437.43071298070197,-1.0981442782113784,sl,0.390797448430935
2025-03-12 11:00:00+00:00,2025-03-12 13:00:00+00:00,short,1.0912881738,1.092933649509006,-452.07903618273485,-1.0941795390538172,sl,0.38565709703245965
2025-03-12 15:00:00+00:00,2025-03-12 15:00:00+00:00,short,1.0884582304,1.0904103760163124,-528.819347220145,-1.0790223784654855,sl,0.37870940700948846
2025-03-12 17:00:00+00:00,2025-03-12 19:00:00+00:00,short,1.0922481546,1.0896659208267678,616.6424788206502,1.2237642038847936,tp,0.3852636155720812
2025-03-12 21:00:00+00:00,2025-03-13 08:00:00+00:00,short,1.0888582224,1.0862467580648727,630.2564060360681,1.2248439623248828,tp,0.38509591703005136
2025-03-13 10:00:00+00:00,2025-03-13 12:00:00+00:00,short,1.0872882538,1.085099400554782,527.2735431402518,1.2105843215082799,tp,0.467038796966748
2025-03-13 14:00:00+00:00,2025-03-13 15:00:00+00:00,short,1.0837583244,1.085866013509443,-578.3478801491328,-1.0728170512028141,sl,0.45810740219207996
2025-03-13 18:00:00+00:00,2025-03-13 22:00:00+00:00,short,1.0872182552,1.084435704374783,679.0264310527455,1.2295410391806258,tp,0.4341970529586652
2025-03-14 01:00:00+00:00,2025-03-14 08:00:00+00:00,short,1.0854982896,1.083099152642811,586.0907671177888,1.2184935818938494,tp,0.44340497730348055
2025-03-14 10:00:00+00:00,2025-03-14 11:00:00+00:00,short,1.0854582904,1.0871126085812588,-463.8908230812114,-1.0931632201929642,sl,0.39819570903835616
2025-03-14 16:00:00+00:00,2025-03-17 10:00:00+00:00,short,1.0875582484,1.0896761970143383,-580.4693383179014,-1.0727174834565811,sl,0.4331206904276918
2025-03-17 17:00:00+00:00,2025-03-17 21:00:00+00:00,short,1.0920881578,1.0901097654381444,471.9959178499867,1.200732772399078,tp,0.38851281509215274
2025-03-18 02:00:00+00:00,2025-03-18 08:00:00+00:00,short,1.0915881678,1.0930615507044874,-412.1827873271171,-1.105365103143826,sl,0.40456953118141076
2025-03-18 10:00:00+00:00,2025-03-18 11:00:00+00:00,short,1.095178096,1.0933477832750746,433.1206878628366,1.1924880012861347,tp,0.39206291685608224
2025-03-18 13:00:00+00:00,2025-03-18 13:00:00+00:00,short,1.0916481666,1.0896802761700086,472.00384439396294,1.2002480901340296,tp,0.36843731838720034
2025-03-18 15:00:00+00:00,2025-03-18 15:00:00+00:00,short,1.0907481846,1.092440027187835,-471.1140825360138,-1.0915210687937849,sl,0.4196855886356694
2025-03-18 17:00:00+00:00,2025-03-18 18:00:00+00:00,short,1.0926181472,1.0944835008398837,-512.5531622612215,-1.0830584688692615,sl,0.45949868207844313
2025-03-18 22:00:00+00:00,2025-03-19 07:00:00+00:00,long,1.0941918834,1.0925090398731527,-462.47474229761104,-1.0921452899488167,sl,0.40327170230297377
2025-03-19 11:00:00+00:00,2025-03-19 13:00:00+00:00,short,1.0901381968,1.091719854931285,-436.04826994467044,-1.0979247830467345,sl,0.4067897484070814
2025-03-19 20:00:00+00:00,2025-03-20 08:00:00+00:00,short,1.0905181892,1.0881848921143538,557.9740985637909,1.2158275999838706,tp,0.4304323781857478
2025-03-20 10:00:00+00:00,2025-03-20 10:00:00+00:00,long,1.0863617268,1.0847184608545313,-453.7368943235555,-1.0937113459922616,sl,0.36426141865719625
2025-03-24 02:00:00+00:00,2025-03-24 14:00:00+00:00,short,1.0834383308,1.0791432264350755,1063.2976089933509,1.254423720454222,tp,0.3682586940310635
2025-03-25 14:00:00+00:00,2025-03-25 15:00:00+00:00,short,1.08247835,1.0803160083450718,525.3092995607711,1.2098945324728363,tp,0.3886822346395977
2025-03-26 10:00:00+00:00,2025-03-26 13:00:00+00:00,short,1.0798684022,1.0781879821875873,404.0645296220355,1.1846282920833568,tp,0.38873091172647894
2025-03-26 16:00:00+00:00,2025-03-26 16:00:00+00:00,short,1.0791984156,1.0773540856858537,448.99503369693343,1.1948366977733305,tp,0.4148766974698659
2025-03-27 06:00:00+00:00,2025-03-27 06:00:00+00:00,long,1.0780015595999999,1.0764888849213232,-432.4134331491697,-1.1011301305607897,sl,0.3572488909971428
2025-03-27 12:00:00+00:00,2025-03-27 12:00:00+00:00,short,1.0779884398,1.0796425484830583,-467.5697356545066,-1.0925260481349375,sl,0.37760484461109384
2025-03-27 23:00:00+00:00,2025-03-28 09:00:00+00:00,short,1.079728405,1.077613453922267,517.0920075109,1.208125538701328,tp,0.36275214557266805
2025-03-31 05:00:00+00:00,2025-03-31 09:00:00+00:00,long,1.0831816631999998,1.0816039214029476,-445.7502955482713,-1.0973708257640609,sl,0.36586980049073686
2025-03-31 14:00:00+00:00,2025-03-31 14:00:00+00:00,short,1.0803183932,1.082025976194287,-478.6019584223506,-1.089789961573745,sl,0.3596470785432008
2025-04-01 13:00:00+00:00,2025-04-01 15:00:00+00:00,long,1.0782715649999999,1.0802492177405782,479.8727871467904,1.2017377211823144,tp,0.4197199362039545
2025-04-01 23:00:00+00:00,2025-04-01 23:00:00+00:00,short,1.0792684142,1.0807523332747977,-420.7183265630938,-1.1034092853533166,sl,0.36718143836166617
2025-04-02 17:00:00+00:00,2025-04-02 21:00:00+00:00,short,1.0865582684000001,1.0882379082659648,-466.7135693432581,-1.0918356592650997,sl,0.3898584349311422
2025-04-02 23:00:00+00:00,2025-04-03 00:00:00+00:00,short,1.08297834,1.0854734328315976,-675.7108812981429,-1.0613799366771979,sl,0.3507298979706379
2025-04-03 02:00:00+00:00,2025-04-03 02:00:00+00:00,short,1.0887682241999999,1.0916964513520788,-777.4999122342379,-1.0525260480044263,sl,0.37825099644720445
2025-04-03 04:00:00+00:00,2025-04-03 06:00:00+00:00,short,1.0912281750000001,1.094123580138518,-761.0290083861317,-1.0532458357573808,sl,0.3650799276461515
2025-04-03 14:00:00+00:00,2025-04-03 14:00:00+00:00,short,1.1080678382,1.1121867566826542,-941.451167523804,-1.0379474961182051,sl,0.3462983879246265
