,direction,ret,pnl,equity
1966,1,14.073094801483737,14.073094801483737,14.073094801483737
1967,-1,-11.133147578083681,11.133147578083681,25.20624237956742
1968,1,1.27899823985364,1.27899823985364,26.48524061942106
1969,-1,-36.78172118968141,36.78172118968141,63.26696180910247
1970,1,13.080044985575888,13.080044985575888,76.34700679467835
1971,1,11.72003760178775,11.72003760178775,88.0670443964661
1972,-1,-3.048520248271489,3.048520248271489,91.11556464473759
1973,-1,-8.416481666707991,8.416481666707991,99.53204631144558
1974,-1,-8.606692466397774,8.606692466397774,108.13873877784336
1975,-1,-5.498365763508346,5.498365763508346,113.6371045413517
1976,1,7.335187505730893,7.335187505730893,120.97229204708259
1977,-1,-3.909232507712183,3.909232507712183,124.88152455479477
1978,1,7.8826282760262,7.8826282760262,132.76415283082096
1979,1,1.099035291244741,1.099035291244741,133.8631881220657
1980,1,8.425011294398477,8.425011294398477,142.28819941646418
1981,-1,-10.36990044895458,10.36990044895458,152.65809986541876
1982,-1,6.167336321336485,-6.167336321336485,146.49076354408228
1983,1,-1.5866525902102981,-1.5866525902102981,144.904110953872
1984,-1,4.57760877924329,-4.57760877924329,140.3265021746287
1985,-1,1.6471851436100307,-1.6471851436100307,138.67931703101868
1986,-1,2.3788755848061376,-2.3788755848061376,136.30044144621255
1987,-1,-0.9757168469701216,0.9757168469701216,137.27615829318268
1988,-1,-2.622494907481207,2.622494907481207,139.8986532006639
1989,-1,-4.8803401597088545,4.8803401597088545,144.77899336037274
1990,1,3.2348040502186404,3.2348040502186404,148.01379741059137
1991,-1,16.290818567872755,-16.290818567872755,131.72297884271862
1992,-1,-7.858043529907414,7.858043529907414,139.58102237262602
1993,1,-18.41081726959034,-18.41081726959034,121.17020510303568
1994,1,17.406493538221827,17.406493538221827,138.5766986412575
1995,-1,-1.4022936646812112,1.4022936646812112,139.97899230593873
1996,-1,22.866690244765053,-22.866690244765053,117.11230206117368
1997,-1,1.4601293431243672,-1.4601293431243672,115.65217271804931
1998,1,19.587208701100575,19.587208701100575,135.23938141914988
1999,1,-0.060710924930886104,-0.060710924930886104,135.178670494219
2000,1,1.6999162184147838,1.6999162184147838,136.8785867126338
2001,1,2.063833145159814,2.063833145159814,138.9424198577936
2002,-1,25.48914890518064,-25.48914890518064,113.45327095261295
2003,-1,2.6635027482508935,-2.6635027482508935,110.78976820436206
2004,-1,12.224642943597082,-12.224642943597082,98.56512526076497
2005,-1,3.1430954654802394,-3.1430954654802394,95.42202979528473
2006,-1,16.677341776741095,-16.677341776741095,78.74468801854363
2007,-1,3.7401218555823785,-3.7401218555823785,75.00456616296125
2008,-1,-7.778957016739613,7.778957016739613,82.78352317970086
2009,-1,17.4408429539604,-17.4408429539604,65.34268022574047
2010,-1,-7.169020193744605,7.169020193744605,72.51170041948507
2011,-1,19.352154961928925,-19.352154961928925,53.15954545755614
2012,-1,8.544231440363944,-8.544231440363944,44.6153140171922
2013,-1,21.642939592151652,-21.642939592151652,22.972374425040545
2014,-1,0.5998944185817838,-0.5998944185817838,22.372480006458762
2015,-1,2.999292167048577,-2.999292167048577,19.373187839410186
2016,-1,9.354985727649652,-9.354985727649652,10.018202111760534
2017,-1,15.037864263804991,-15.037864263804991,-5.019662152044457
2018,-1,10.588467543654884,-10.588467543654884,-15.608129695699342
2019,-1,-1.493964383889088,1.493964383889088,-14.114165311810254
2020,-1,-25.939096913009262,25.939096913009262,11.824931601199008
2021,-1,3.295761650517162,-3.295761650517162,8.529169950681846
2022,-1,3.2946758039019857,-3.2946758039019857,5.23449414677986
2023,-1,27.18709391524072,-27.18709391524072,-21.95259976846086
2024,1,-7.5845800113469,-7.5845800113469,-29.53717977980776
2025,1,5.259446084700281,5.259446084700281,-24.27773369510748
2026,-1,-5.615091454309012,5.615091454309012,-18.662642240798466
2027,-1,-15.659366931241578,15.659366931241578,-3.003275309556887
2028,-1,-1.6162825501345814,1.6162825501345814,-1.3869927594223057
2029,1,0.8980799051633065,0.8980799051633065,-0.4889128542589992
2030,1,6.226128186400482,6.226128186400482,5.737215332141482
2031,-1,-15.316317861460151,15.316317861460151,21.053533193601634
2032,1,37.87016286566976,37.87016286566976,58.92369605927139
2033,-1,19.042729736504896,-19.042729736504896,39.8809663227665
2034,-1,6.196488259443336,-6.196488259443336,33.68447806332316
2035,-1,1.6672521897569546,-1.6672521897569546,32.017225873566204
2036,1,-34.8873899350483,-34.8873899350483,-2.870164061482093
2037,-1,2.3299857213701514,-2.3299857213701514,-5.200149782852245
2038,1,-11.52775620886182,-11.52775620886182,-16.727905991714067
2039,1,-0.8969736110355475,-0.8969736110355475,-17.624879602749616
2040,1,14.173454375829122,14.173454375829122,-3.4514252269204935
2041,-1,20.423885196266806,-20.423885196266806,-23.8753104231873
2042,-1,-4.648584863492355,4.648584863492355,-19.22672555969495
2043,-1,42.87034552663642,-42.87034552663642,-62.09707108633137
2044,-1,14.961349846230464,-14.961349846230464,-77.05842093256183
2045,-1,-28.395954613897796,28.395954613897796,-48.66246631866403
2046,-1,31.152092362386878,-31.152092362386878,-79.81455868105091
2047,-1,-8.237964570824998,8.237964570824998,-71.57659411022591
2048,-1,-1.423555091582098,1.423555091582098,-70.15303901864381
2049,1,12.576526980209119,12.576526980209119,-57.57651203843469
2050,-1,-51.190899395662235,51.190899395662235,-6.3856126427724575
2051,-1,-34.54108006384253,34.54108006384253,28.15546742107007
2052,1,52.94736338863202,52.94736338863202,81.10283080970208
2053,-1,13.494073307890655,-13.494073307890655,67.60875750181143
2054,-1,-205.75960676525287,205.75960676525287,273.3683642670643
2055,1,85.09967693641141,85.09967693641141,358.4680412034757
2056,-1,33.2958704706509,-33.2958704706509,325.17217073282484
2057,-1,-36.839362409474546,36.839362409474546,362.0115331422994
2058,-1,28.49825042386644,-28.49825042386644,333.51328271843295
2059,-1,-13.788968824939776,13.788968824939776,347.30225154337273
2060,-1,35.360509095274494,-35.360509095274494,311.94174244809824
2061,-1,3.350103793395347,-3.350103793395347,308.5916386547029
2062,-1,42.93873157312344,-42.93873157312344,265.65290708157943
2063,-1,43.171979301268955,-43.171979301268955,222.48092778031048
2064,-1,-58.22433563779919,58.22433563779919,280.70526341810967
2065,-1,-17.832009351368168,17.832009351368168,298.53727276947785
2066,-1,-8.543587231220918,8.543587231220918,307.08086000069875
2067,-1,9.26845019553549,-9.26845019553549,297.81240980516327
2068,-1,121.9912897502216,-121.9912897502216,175.82112005494167
2069,-1,21.542692895633568,-21.542692895633568,154.2784271593081
2070,-1,6.9495158896561975,-6.9495158896561975,147.3289112696519
2071,-1,5.120237296514064,-5.120237296514064,142.20867397313785
2072,-1,-47.64677854836094,47.64677854836094,189.8554525214988
2073,-1,47.28383897488637,-47.28383897488637,142.5716135466124
2074,-1,-11.588848821408352,11.588848821408352,154.16046236802077
2075,-1,17.138414784973875,-17.138414784973875,137.0220475830469
2076,-1,-12.817120851338075,12.817120851338075,149.839168434385
2077,-1,-24.254269516740262,24.254269516740262,174.09343795112525
2078,-1,-67.27449765424369,67.27449765424369,241.36793560536893
2079,1,-11.407182960520885,-11.407182960520885,229.96075264484804
2080,1,-73.10124135305676,-73.10124135305676,156.85951129179128
2081,1,-39.006794731985515,-39.006794731985515,117.85271655980577
2082,1,53.2954771027947,53.2954771027947,171.14819366260048
2083,1,-49.183564791269184,-49.183564791269184,121.96462887133129
2084,1,32.65045969201575,32.65045969201575,154.61508856334703
2085,1,4.554989511537254,4.554989511537254,159.1700780748843
2086,-1,67.09559924757106,-67.09559924757106,92.07447882731323
2087,-1,4.760601263939365,-4.760601263939365,87.31387756337386
2088,-1,-30.572308863590997,30.572308863590997,117.88618642696485
2089,-1,-5.488867145549516,5.488867145549516,123.37505357251437
2090,-1,-54.262177650430665,54.262177650430665,177.63723122294505
2091,-1,-6.902305369992759,6.902305369992759,184.5395365929378
2092,1,63.965500672688016,63.965500672688016,248.50503726562582
2093,-1,15.158658637750976,-15.158658637750976,233.34637862787483
2094,-1,2.8602925840956894,-2.8602925840956894,230.48608604377912
2095,-1,-16.91855858646721,16.91855858646721,247.40464463024634
2096,-1,-14.85866367504287,14.85866367504287,262.26330830528923
2097,1,25.040339448993333,25.040339448993333,287.30364775428257
2098,-1,40.77520581344698,-40.77520581344698,246.5284419408356
2099,-1,-75.4009012485666,75.4009012485666,321.9293431894022
2100,-1,-11.186686048946944,11.186686048946944,333.11602923834914
2101,-1,19.763319279417132,-19.763319279417132,313.352709958932
2102,1,-23.84851708844877,-23.84851708844877,289.5041928704832
2103,-1,-25.163713924521115,25.163713924521115,314.66790679500434
2104,1,10.030813216647983,10.030813216647983,324.6987200116523
2105,1,30.60232577675985,30.60232577675985,355.3010457884122
2106,-1,19.3223421310796,-19.3223421310796,335.9787036573326
2107,-1,-14.150351967614746,14.150351967614746,350.12905562494734
2108,-1,12.496263079222231,-12.496263079222231,337.6327925457251
2109,-1,13.31669244412076,-13.31669244412076,324.3161001016044
2110,-1,13.239345904748436,-13.239345904748436,311.0767541968559
2111,-1,-9.529254812273138,9.529254812273138,320.606009009129
2112,-1,-10.730637161388511,10.730637161388511,331.33664617051755
2113,-1,15.934210212216497,-15.934210212216497,315.40243595830106
2114,-1,-9.592983417842353,9.592983417842353,324.9954193761434
2115,-1,-32.20611916264144,32.20611916264144,357.2015385387848
2116,-1,-18.249267037635104,18.249267037635104,375.4508055764199
2117,-1,-11.748838603327057,11.748838603327057,387.19964417974694
2118,-1,6.18139699572087,-6.18139699572087,381.01824718402605
2119,1,-21.471583139408917,-21.471583139408917,359.54666404461716
2120,-1,26.386334403212643,-26.386334403212643,333.16032964140453
2121,-1,6.534262917158244,-6.534262917158244,326.6260667242463
2122,-1,-3.5944932363627107,3.5944932363627107,330.220559960609
2123,-1,0.47943809854942776,-0.47943809854942776,329.7411218620596
2124,-1,-10.666986276742211,10.666986276742211,340.40810813880177
2125,-1,-2.4596261368276933,2.4596261368276933,342.86773427562946
2126,-1,-5.880552771960673,5.880552771960673,348.7482870475901
2127,-1,-4.98339867789789,4.98339867789789,353.731685725488
2128,1,-51.781101700006715,-51.781101700006715,301.95058402548125
2129,1,-26.931066132071134,-26.931066132071134,275.0195178934101
2130,1,41.95880408326409,41.95880408326409,316.97832197667424
2131,1,18.449850773265478,18.449850773265478,335.42817274993973
2132,1,23.04993349823457,23.04993349823457,358.4781062481743
2133,-1,-20.89537899894333,20.89537899894333,379.3734852471176
2134,-1,-4.33223422946417,4.33223422946417,383.7057194765818
2135,-1,1.083527967061133,-1.083527967061133,382.6221915095207
2136,1,1.9862527235733722,1.9862527235733722,384.6084442330941
2137,1,-19.13645253497857,-19.13645253497857,365.4719916981155
2138,-1,-9.224814147126578,9.224814147126578,374.69680584524207
2139,1,29.51045237290651,29.51045237290651,404.2072582181486
2140,-1,5.234877521916633,-5.234877521916633,398.97238069623194
2141,1,-4.751022371902596,-4.751022371902596,394.22135832432934
2142,1,22.382536807841273,22.382536807841273,416.60389513217063
2143,-1,-17.22968308189273,17.22968308189273,433.8335782140634
2144,-1,-16.417497564435916,16.417497564435916,450.2510757784993
2145,1,-39.27403275647214,-39.27403275647214,410.97704302202715
2146,-1,-0.5442637623134726,0.5442637623134726,411.5213067843406
2147,1,29.63375102811028,29.63375102811028,441.1550578124509
2148,-1,0.6029835626675333,-0.6029835626675333,440.55207424978335
2149,-1,-24.90171960543064,24.90171960543064,465.453793855214
2150,-1,9.489902622718564,-9.489902622718564,455.9638912324954
2151,-1,-11.896422618904003,11.896422618904003,467.86031385139944
2152,-1,38.21063005217647,-38.21063005217647,429.649683799223
2153,-1,-15.41880733116072,15.41880733116072,445.06849113038373
2154,-1,-22.982958829738774,22.982958829738774,468.0514499601225
2155,-1,-0.6650785397301434,0.6650785397301434,468.71652849985264
2156,1,-12.153607081743536,-12.153607081743536,456.5629214181091
2157,-1,-60.23658752164307,60.23658752164307,516.7995089397522
2158,1,47.20227545420771,47.20227545420771,564.0017843939598
2159,-1,-5.516421963845337,5.516421963845337,569.5182063578052
2160,-1,18.13539069939534,-18.13539069939534,551.3828156584099
2161,-1,7.083610825209453,-7.083610825209453,544.2992048332004
2162,-1,-9.0751238754409,9.0751238754409,553.3743287086413
2163,-1,5.0261298194841535,-5.0261298194841535,548.3481988891572
2164,-1,14.223459629584246,-14.223459629584246,534.124739259573
2165,-1,14.928530416125396,-14.928530416125396,519.1962088434476
2166,-1,-1.0862874316548,1.0862874316548,520.2824962751024
2167,-1,8.268752565124686,-8.268752565124686,512.0137437099777
2168,-1,-10.312324735709208,10.312324735709208,522.3260684456869
2169,-1,3.320253546634196,-3.320253546634196,519.0058148990528
2170,-1,3.198455085845163,-3.198455085845163,515.8073598132077
2171,-1,7.661771980839427,-7.661771980839427,508.1455878323682
2172,-1,8.680712541821471,-8.680712541821471,499.46487529054673
2173,-1,14.696227767438549,-14.696227767438549,484.7686475231082
2174,-1,0.9622728885632775,-0.9622728885632775,483.8063746345449
2175,-1,-8.298805092339897,8.298805092339897,492.1051797268848
2176,-1,-14.98636782204145,14.98636782204145,507.09154754892626
2177,1,23.929789875951027,23.929789875951027,531.0213374248773
2178,-1,10.763744821075074,-10.763744821075074,520.2575926038022
2179,-1,-14.95693124617072,14.95693124617072,535.2145238499729
2180,1,-2.8875827924129855,-2.8875827924129855,532.3269410575599
2181,-1,-29.124869870803032,29.124869870803032,561.451810928363
2182,-1,6.638623511589883,-6.638623511589883,554.8131874167731
2183,-1,14.112793790371612,-14.112793790371612,540.7003936264015
2184,-1,14.875843918068592,-14.875843918068592,525.8245497083329
2185,-1,12.568555758683235,-12.568555758683235,513.2559939496497
2186,1,3.78385196129589,3.78385196129589,517.0398459109456
2187,1,1.7411143131615696,1.7411143131615696,518.7809602241072
2188,1,11.105175011554838,11.105175011554838,529.886135235662
2189,1,-13.731157134804967,-13.731157134804967,516.154978100857
2190,-1,-28.821039358731603,28.821039358731603,544.9760174595885
2191,-1,12.043476951795983,-12.043476951795983,532.9325405077925
2192,-1,-16.058701470544445,16.058701470544445,548.9912419783369
2193,-1,-42.410149519873514,42.410149519873514,591.4013914982104
2194,1,-3.8718888767898414,-3.8718888767898414,587.5295026214205
2195,1,-16.098771409549443,-16.098771409549443,571.430731211871
2196,1,-4.303969350888899,-4.303969350888899,567.1267618609821
2197,1,-24.50073684146667,-24.50073684146667,542.6260250195155
2198,1,-16.353677145584534,-16.353677145584534,526.2723478739309
2199,1,7.12458896602025,7.12458896602025,533.3969368399512
2200,1,-32.676755691048825,-32.676755691048825,500.7201811489024
2201,1,5.555555555556055,5.555555555556055,506.27573670445844
2202,1,17.938751975397228,17.938751975397228,524.2144886798557
2203,1,-33.986052319029916,-33.986052319029916,490.22843636082575
2204,1,8.922732800821603,8.922732800821603,499.1511691616474
2205,1,-20.210901674878922,-20.210901674878922,478.94026748676845
2206,1,41.849708153350534,41.849708153350534,520.789975640119
2207,1,-17.730280394331682,-17.730280394331682,503.05969524578734
2208,1,16.907254249702333,16.907254249702333,519.9669494954896
2209,1,15.111631081212943,15.111631081212943,535.0785805767026
2210,-1,3.4071550255547143,-3.4071550255547143,531.6714255511479
2211,-1,18.48968470221854,-18.48968470221854,513.1817408489294
2212,-1,-27.744050509955905,27.744050509955905,540.9257913588852
2213,-1,-40.483858203004274,40.483858203004274,581.4096495618895
2214,1,0.5501289746813417,0.5501289746813417,581.9597785365709
2215,1,3.9729351433623923,3.9729351433623923,585.9327136799333
2216,1,-11.914072046532366,-11.914072046532366,574.0186416334009
2217,1,13.457550603449082,13.457550603449082,587.47619223685
2218,1,-7.330616932503622,-7.330616932503622,580.1455753043464
2219,-1,1.1003992003769703,-1.1003992003769703,579.0451761039694
2220,-1,-3.78984687796154,3.78984687796154,582.8350229819309
2221,-1,-9.478209291090817,9.478209291090817,592.3132322730218
2222,-1,13.34328979421993,-13.34328979421993,578.9699424788018
2223,-1,6.295997457150374,-6.295997457150374,572.6739450216514
2224,-1,-0.12217545617249836,0.12217545617249836,572.7961204778239
2225,-1,17.898923010196054,-17.898923010196054,554.8971974676278
2226,1,20.367095554606486,20.367095554606486,575.2642930222344
2227,-1,-2.8602030135587455,2.8602030135587455,578.1244960357931
2228,1,-27.27101176671121,-27.27101176671121,550.8534842690818
2229,-1,-26.55207563984343,26.55207563984343,577.4055599089253
2230,-1,22.950659142930586,-22.950659142930586,554.4549007659947
2231,-1,-9.830920381758009,9.830920381758009,564.2858211477527
2232,1,30.255244242335618,30.255244242335618,594.5410653900883
2233,-1,-42.10770065142064,42.10770065142064,636.6487660415089
2234,-1,-110.02863926761678,110.02863926761678,746.6774053091257
2235,1,-37.18737238110554,-37.18737238110554,709.4900329280201
2236,1,2.981125747609142,2.981125747609142,712.4711586756292
2237,1,-84.00543893307488,-84.00543893307488,628.4657197425544
2238,1,-107.63393192576345,-107.63393192576345,520.8317878167909
2239,1,46.015861863800524,46.015861863800524,566.8476496805914
2240,1,-76.23680032258963,-76.23680032258963,490.6108493580018
2241,1,-56.06135639277188,-56.06135639277188,434.54949296522994
2242,1,50.69498094149681,50.69498094149681,485.24447390672674
2243,1,125.14531467376344,125.14531467376344,610.3897885804902
2244,-1,-25.78629373788264,25.78629373788264,636.1760823183728
2245,-1,31.954508856682313,-31.954508856682313,604.2215734616905
2246,-1,-82.39071003987782,82.39071003987782,686.6122835015683
2247,1,-20.737181513561186,-20.737181513561186,665.8751019880071
2248,1,-39.34314060896362,-39.34314060896362,626.5319613790435
2249,1,-4.452331431552054,-4.452331431552054,622.0796299474915
2250,1,-4.008883176052852,-4.008883176052852,618.0707467714386
2251,1,47.17101242615511,47.17101242615511,665.2417591975938
2252,1,10.961230192170122,10.961230192170122,676.2029893897638
2253,-1,-19.620004810065122,19.620004810065122,695.8229941998289
2254,-1,11.921974481900678,-11.921974481900678,683.9010197179283
2255,-1,-14.124651634152636,14.124651634152636,698.025671352081
2256,-1,16.681783872584848,-16.681783872584848,681.3438874794961
2257,-1,0.0,-0.0,681.3438874794961
2258,1,-107.26950354609964,-107.26950354609964,574.0743839333965
2259,1,-47.23925594971312,-47.23925594971312,526.8351279836834
2260,1,50.55052479934078,50.55052479934078,577.3856527830242
2261,1,2.623597015498943,2.623597015498943,580.0092497985231
2262,1,-5.181844352750361,-5.181844352750361,574.8274054457728
2263,1,-15.681605796432391,-15.681605796432391,559.1457996493405
2264,-1,26.348011718774398,-26.348011718774398,532.7977879305661
2265,-1,95.78005115089525,-95.78005115089525,437.0177367796708
2266,-1,3.0399371746318393,-3.0399371746318393,433.97779960503897
2267,-1,43.68581667151979,-43.68581667151979,390.2919829335192
2268,-1,3.782243626920349,-3.782243626920349,386.5097393065988
2269,1,0.3780813631089972,0.3780813631089972,386.8878206697078
2270,1,7.561341381961446,7.561341381961446,394.44916205166925
2271,-1,21.533540693355285,-21.533540693355285,372.91562135831396
2272,1,-50.765248423011194,-50.765248423011194,322.15037293530276
2273,-1,16.039809037863822,-16.039809037863822,306.1105638974389
2274,-1,1.954479541013636,-1.954479541013636,304.15608435642525
2275,-1,-25.277198202230135,25.277198202230135,329.4332825586554
2276,-1,32.48230535894763,-32.48230535894763,296.9509771997077
2277,1,0.5669148493905384,0.5669148493905384,297.51789204909824
2278,-1,-7.117527383585023,7.117527383585023,304.63541943268325
2279,1,-35.73904821935123,-35.73904821935123,268.89637121333203
2280,1,42.38279890943394,42.38279890943394,311.27917012276595
2281,-1,45.668428313165734,-45.668428313165734,265.6107418096002
2282,-1,-41.8866552126316,41.8866552126316,307.4973970222318
2283,-1,-84.50349474214374,84.50349474214374,392.0008917643755
2284,-1,-5.461427083598745,5.461427083598745,397.46231884797425
2285,-1,-66.08125452720047,66.08125452720047,463.54357337517473
2286,1,21.74719525143508,21.74719525143508,485.2907686266098
2287,1,-205.8309186760445,-205.8309186760445,279.4598499505653
2288,1,-21.63472503698063,-21.63472503698063,257.82512491358466
2289,1,-53.87755102040816,-53.87755102040816,203.9475738931765
2290,1,-37.42613263296156,-37.42613263296156,166.52144126021494
2291,-1,32.55783299281654,-32.55783299281654,133.9636082673984
2292,1,-3.2846331721673323,-3.2846331721673323,130.67897509523107
2293,1,-62.099964514306286,-62.099964514306286,68.57901058092477
2294,1,68.63762902617957,68.63762902617957,137.21663960710436
2295,1,4.794210170293091,4.794210170293091,142.01084977739745
2296,1,1.7723513194169738,1.7723513194169738,143.78320109681442
2297,1,34.91569696850326,34.91569696850326,178.69889806531768
2298,1,153.5654255423516,153.5654255423516,332.26432360766927
2299,1,-43.54351452846104,-43.54351452846104,288.7208090792082
2300,1,22.70801120520661,22.70801120520661,311.4288202844148
2301,1,51.31614618969575,51.31614618969575,362.7449664741106
2302,-1,-44.568030465524345,44.568030465524345,407.3129969396349
2303,1,-15.352560587784453,-15.352560587784453,391.96043635185043
2304,1,-115.77349226346124,-115.77349226346124,276.18694408838917
2305,1,30.26282248207357,30.26282248207357,306.4497665704627
2306,1,21.569700761129873,21.569700761129873,328.0194673315926
2307,-1,54.49095177095665,-54.49095177095665,273.5285155606359
2308,-1,4.721099434114912,-4.721099434114912,268.807416126521
2309,1,5.429934452933575,5.429934452933575,274.2373505794546
2310,1,-35.0815986354992,-35.0815986354992,239.15575194395538
2311,-1,28.202983681169542,-28.202983681169542,210.95276826278584
2312,-1,-38.46800367223997,38.46800367223997,249.4207719350258
2313,1,-1.9470531350797613,-1.9470531350797613,247.47371879994606
2314,1,25.706106498581857,25.706106498581857,273.17982529852793
2315,1,-3.625886237818935,-3.625886237818935,269.553939060709
2316,1,-79.9927455971613,-79.9927455971613,189.5611934635477
2317,1,-2.742337777662175,-2.742337777662175,186.81885568588552
2318,1,33.83144364909389,33.83144364909389,220.65029933497942
2319,-1,18.290698431295617,-18.290698431295617,202.3596009036838
2320,-1,-43.01187049658498,43.01187049658498,245.37147140026877
2321,-1,-34.845251845035975,34.845251845035975,280.21672324530476
2322,1,-132.99282978096565,-132.99282978096565,147.2238934643391
2323,1,-192.98664755382077,-192.98664755382077,-45.76275408948166
2324,1,2.23310957124247,2.23310957124247,-43.52964451823919
2325,1,-110.27745265849816,-110.27745265849816,-153.80709717673736
2326,1,66.15177282646668,66.15177282646668,-87.65532435027067
2327,1,-108.25982357658424,-108.25982357658424,-195.9151479268549
2328,1,44.245051630677864,44.245051630677864,-151.67009629617704
2329,1,59.029939054836156,59.029939054836156,-92.64015724134089
2330,1,45.49163606691184,45.49163606691184,-47.14852117442905
2331,-1,137.21070338254495,-137.21070338254495,-184.359224556974
2332,-1,132.41539571035653,-132.41539571035653,-316.77462026733053
2333,-1,-89.42987630075434,89.42987630075434,-227.34474396657617
2334,1,15.759864877446226,15.759864877446226,-211.58487908912994
2335,-1,15.867851997423116,-15.867851997423116,-227.45273108655306
2336,-1,-149.87604237097074,149.87604237097074,-77.57668871558232
2337,1,40.64685020558937,40.64685020558937,-36.929838509992955
2338,1,-3.0160655759682946,-3.0160655759682946,-39.945904085961246
2339,1,99.15792861165467,99.15792861165467,59.21202452569342
2340,-1,-43.217047830849346,43.217047830849346,102.42907235654278
2341,1,60.13974823981213,60.13974823981213,162.5688205963549
2342,-1,-32.01092215314826,32.01092215314826,194.57974274950317
2343,-1,33.84241005830946,-33.84241005830946,160.7373326911937
2344,-1,-44.99310856658161,44.99310856658161,205.7304412577753
2345,-1,42.00142445401592,-42.00142445401592,163.7290168037594
2346,-1,30.424753420298533,-30.424753420298533,133.30426338346086
2347,-1,-40.7076254105462,40.7076254105462,174.01188879400706
2348,-1,48.17294485325825,-48.17294485325825,125.8389439407488
2349,-1,17.697595636354453,-17.697595636354453,108.14134830439436
2350,-1,-74.35679395653274,74.35679395653274,182.4981422609271
2351,-1,-89.19261753435254,89.19261753435254,271.69075979527963
2352,1,-14.206258795147699,-14.206258795147699,257.48450100013196
2353,1,11.072487887368395,11.072487887368395,268.5569888875003
2354,1,19.30514870997439,19.30514870997439,287.8621375974747
2355,1,39.940858092874386,39.940858092874386,327.8029956903491
2356,-1,6.663645813897699,-6.663645813897699,321.13934987645143
2357,1,-0.7991050023981022,-0.7991050023981022,320.3402448740533
2358,1,8.857454913557598,8.857454913557598,329.19769978761093
2359,-1,-69.13346951540099,69.13346951540099,398.3311693030119
2360,1,-36.51591289782275,-36.51591289782275,361.81525640518913
2361,1,-23.334790356746762,-23.334790356746762,338.4804660484424
2362,1,22.445705657936575,22.445705657936575,360.92617170637897
2363,1,-3.4299318721374585,-3.4299318721374585,357.4962398342415
2364,1,7.400430570505308,7.400430570505308,364.8966704047468
2365,-1,-29.983193277311166,29.983193277311166,394.879863682058
2366,1,3.3040241665768226,3.3040241665768226,398.1838878486348
2367,-1,-86.55032254150518,86.55032254150518,484.73421039014
2368,-1,15.910898965791011,-15.910898965791011,468.82331142434896
2369,1,-42.904760934943184,-42.904760934943184,425.9185504894058
2370,1,23.112953480919014,23.112953480919014,449.0315039703248
2371,-1,17.413781375417816,-17.413781375417816,431.617722594907
2372,1,72.79344858962712,72.79344858962712,504.4111711845341
2373,-1,8.898596448650624,-8.898596448650624,495.5125747358835
2374,1,38.25688691318154,38.25688691318154,533.7694616490651
2375,-1,19.05554288168063,-19.05554288168063,514.7139187673845
2376,1,116.12488447783929,116.12488447783929,630.8388032452237
2377,-1,154.7770363308979,-154.7770363308979,476.06176691432586
2378,-1,-26.793746821910418,26.793746821910418,502.8555137362363
2379,1,16.210951543635687,16.210951543635687,519.066465279872
2380,-1,-2.6104378356851003,2.6104378356851003,521.676903115557
2381,1,-30.811209535808416,-30.811209535808416,490.8656935797486
2382,1,-16.435414061118728,-16.435414061118728,474.4302795186299
2383,-1,65.25959545609601,-65.25959545609601,409.1706840625339
2384,-1,9.578856141218402,-9.578856141218402,399.5918279213155
2385,-1,-47.913547295097324,47.913547295097324,447.5053752164128
2386,-1,16.549576775645125,-16.549576775645125,430.9557984407677
2387,-1,-11.885559045758988,11.885559045758988,442.8413574865267
2388,-1,-6.6036810618195485,6.6036810618195485,449.44503854834625
2389,-1,0.8505404202970465,-0.8505404202970465,448.5944981280492
2390,1,39.448634998724124,39.448634998724124,488.04313312677334
2391,1,-8.731917111950464,-8.731917111950464,479.3112160148229
2392,1,27.979599024300924,27.979599024300924,507.2908150391238
2393,1,-0.32519267666062585,-0.32519267666062585,506.9656223624632
2394,1,-0.32520325203222455,-0.32520325203222455,506.64041911043097
2395,1,-5.4635923119460506,-5.4635923119460506,501.1768267984849
2396,-1,-27.00750353049807,27.00750353049807,528.1843303289829
2397,1,13.377184396329787,13.377184396329787,541.5615147253127
2398,1,-19.615382108946772,-19.615382108946772,521.946132616366
2399,1,-6.007182500816668,-6.007182500816668,515.9389501155492
2400,1,-7.513491617555852,-7.513491617555852,508.42545849799336
2401,1,16.93441347430035,16.93441347430035,525.3598719722937
2402,-1,-13.772666153182724,13.772666153182724,539.1325381254765
2403,-1,-15.033564065861272,15.033564065861272,554.1661021913377
2404,-1,4.844168341396097,-4.844168341396097,549.3219338499416
2405,-1,-63.85971799653215,63.85971799653215,613.1816518464738
2406,1,-65.32375427205399,-65.32375427205399,547.8578975744198
2407,1,25.452882340073828,25.452882340073828,573.3107799144937
2408,1,-0.06611526535355737,-0.06611526535355737,573.2446646491401
2409,1,-97.58677685950408,-97.58677685950408,475.657887789636
2410,1,11.350434654880322,11.350434654880322,487.0083224445163
2411,1,-38.74779917835956,-38.74779917835956,448.2605232661567
2412,1,-17.67506008850987,-17.67506008850987,430.58546317764683
2413,1,18.64532961320983,18.64532961320983,449.23079279085664
2414,1,82.94449614063812,82.94449614063812,532.1752889314947
2415,1,-69.58092101768747,-69.58092101768747,462.5943679138072
2416,1,66.85922122379118,66.85922122379118,529.4535891375984
2417,1,72.59178577121192,72.59178577121192,602.0453749088103
2418,-1,-28.352707683583482,28.352707683583482,630.3980825923938
2419,-1,-103.0873299786414,103.0873299786414,733.4854125710352
2420,1,61.80180661713614,61.80180661713614,795.2872191881713
2421,1,15.670962900986739,15.670962900986739,810.9581820891581
2422,1,13.9889811911195,13.9889811911195,824.9471632802776
2423,1,-73.88575514419693,-73.88575514419693,751.0614081360807
2424,1,-35.81719225228037,-35.81719225228037,715.2442158838003
2425,1,-9.639134887644198,-9.639134887644198,705.6050809961561
2426,1,-26.667202690841478,-26.667202690841478,678.9378783053146
2427,1,-20.624928618935538,-20.624928618935538,658.312949686379
2428,1,-58.232688397894805,-58.232688397894805,600.0802612884843
2429,1,78.61752337872606,78.61752337872606,678.6977846672104
2430,1,-20.021768634354252,-20.021768634354252,658.6760160328562
2431,1,68.46640635518948,68.46640635518948,727.1424223880457
2432,1,-6.151500765593355,-6.151500765593355,720.9909216224523
2433,1,1.1373900244193984,1.1373900244193984,722.1283116468717
2434,1,-59.33824808338055,-59.33824808338055,662.7900635634911
2435,1,-0.6729701537745982,-0.6729701537745982,662.1170934097165
2436,1,-12.518087290102635,-12.518087290102635,649.5990061196139
2437,1,4.514855221396861,4.514855221396861,654.1138613410108
2438,1,-10.507456252611188,-10.507456252611188,643.6064050883996
2439,1,99.2515676623291,99.2515676623291,742.8579727507287
2440,-1,-27.106060808374473,27.106060808374473,769.9640335591031
2441,1,-60.85314910025652,-60.85314910025652,709.1108844588466
2442,1,20.88006088895114,20.88006088895114,729.9909453477977
2443,1,-21.777559703448848,-21.777559703448848,708.2133856443488
2444,1,-13.20283187271417,-13.20283187271417,695.0105537716347
2445,1,-72.57667428856642,-72.57667428856642,622.4338794830683
2446,1,-36.48568769066585,-36.48568769066585,585.9481917924024
2447,1,18.20735931916645,18.20735931916645,604.1555511115689
2448,1,-20.21632144631648,-20.21632144631648,583.9392296652525
2449,1,34.78521832839912,34.78521832839912,618.7244479936516
2450,1,9.991571735407053,9.991571735407053,628.7160197290586
2451,1,-10.932226982909924,-10.932226982909924,617.7837927461487
2452,1,71.17123241112111,71.17123241112111,688.9550251572698
2453,1,58.586499456657904,58.586499456657904,747.5415246139277
2454,-1,-35.698708270424,35.698708270424,783.2402328843517
2455,1,-12.929902419643165,-12.929902419643165,770.3103304647085
2456,1,-18.745659166155136,-18.745659166155136,751.5646712985533
2457,1,21.145362545009096,21.145362545009096,772.7100338435624
2458,1,-32.224139790745156,-32.224139790745156,740.4858940528172
2459,1,1.4879140797253263,1.4879140797253263,741.9738081325426
2460,1,-2.840140654583753,-2.840140654583753,739.1336674779589
2461,1,-22.45701375830411,-22.45701375830411,716.6766537196547
2462,1,6.914972950252748,6.914972950252748,723.5916266699074
2463,-1,-18.088450490487276,18.088450490487276,741.6800771603947
2464,1,-41.604169918760626,-41.604169918760626,700.0759072416341
2465,1,19.01477563927787,19.01477563927787,719.090682880912
2466,1,54.35115334643935,54.35115334643935,773.4418362273514
2467,1,17.387656793365384,17.387656793365384,790.8294930207168
2468,-1,48.76302654950798,-48.76302654950798,742.0664664712087
2469,-1,-91.07100850220087,91.07100850220087,833.1374749734096
2470,-1,43.8174048701081,-43.8174048701081,789.3200701033014
2471,-1,-5.740295523919534,5.740295523919534,795.0603656272209
2472,1,-22.366224973141424,-22.366224973141424,772.6941406540794
2473,1,-18.488419341731127,-18.488419341731127,754.2057213123483
2474,1,15.130235366755674,15.130235366755674,769.3359566791039
2475,1,-27.70814985434536,-27.70814985434536,741.6278068247585
2476,1,-20.584099292803533,-20.584099292803533,721.043707531955
2477,1,16.13364375280733,16.13364375280733,737.1773512847623
2478,1,7.815951337207944,7.815951337207944,744.9933026219702
2479,1,-32.52971137521198,-32.52971137521198,712.4635912467583
2480,1,34.748008802828274,34.748008802828274,747.2116000495865
2481,1,-6.24656269308224,-6.24656269308224,740.9650373565042
2482,1,-24.526289328687113,-24.526289328687113,716.4387480278172
2483,1,-6.402048655570154,-6.402048655570154,710.036699372247
2484,1,-6.542450965691722,-6.542450965691722,703.4942484065552
2485,1,32.46089008306162,32.46089008306162,735.9551384896168
2486,1,27.801568851366408,27.801568851366408,763.7567073409832
2487,1,-26.77548585644303,-26.77548585644303,736.9812214845401
2488,1,61.579033222771635,61.579033222771635,798.5602547073117
2489,-1,9.659942986071197,-9.659942986071197,788.9003117212405
2490,1,0.33743428467275305,0.33743428467275305,789.2377460059133
2491,1,25.846594053259878,25.846594053259878,815.0843400591732
2492,-1,-31.366741830175894,31.366741830175894,846.4510818893491
2493,-1,17.01564494020879,-17.01564494020879,829.4354369491404
2494,1,-4.853354544290415,-4.853354544290415,824.58208240485
2495,1,-3.9789855610026916,-3.9789855610026916,820.6030968438473
2496,1,22.399136418836434,22.399136418836434,843.0022332626837
2497,-1,3.9043567235710546,-3.9043567235710546,839.0978765391127
2498,-1,59.753717784806604,-59.753717784806604,779.3441587543061
2499,-1,31.17098556502483,-31.17098556502483,748.1731731892813
2500,-1,49.21181083459951,-49.21181083459951,698.9613623546818
2501,-1,20.636753327760264,-20.636753327760264,678.3246090269215
2502,-1,-12.383039870740387,12.383039870740387,690.7076488976619
2503,1,-23.603357511304054,-23.603357511304054,667.1042913863579
2504,1,13.225227620123674,13.225227620123674,680.3295190064815
2505,-1,7.831737119114326,-7.831737119114326,672.4977818873672
2506,-1,-10.47835688752961,10.47835688752961,682.9761387748968
2507,1,26.024205166336316,26.024205166336316,709.000343941233
2508,-1,-26.287734818336702,26.287734818336702,735.2880787595698
2509,-1,-19.850754195878537,19.850754195878537,755.1388329554483
2510,-1,-34.325627806419966,34.325627806419966,789.4644607618683
2511,1,-28.436208772503594,-28.436208772503594,761.0282519893647
2512,1,11.647911743638895,11.647911743638895,772.6761637330036
2513,1,-39.65043428258013,-39.65043428258013,733.0257294504235
2514,1,45.5143524609971,45.5143524609971,778.5400819114205
2515,1,18.176715093356325,18.176715093356325,796.7167970047768
2516,-1,-50.962551863068825,50.962551863068825,847.6793488678456
2517,-1,-9.051290646999055,9.051290646999055,856.7306395148447
2518,1,-44.425057880079976,-44.425057880079976,812.3055816347647
2519,1,24.131631985871046,24.131631985871046,836.4372136206358
2520,1,-38.194888071493274,-38.194888071493274,798.2423255491425
2521,1,12.352929264291442,12.352929264291442,810.5952548134339
2522,1,-11.461240780443385,-11.461240780443385,799.1340140329905
2523,1,-3.4423175571694085,-3.4423175571694085,795.6916964758211
2524,1,14.921845987644147,14.921845987644147,810.6135424634653
2525,1,40.11434273155108,40.11434273155108,850.7278851950164
2526,-1,-11.079699975155224,11.079699975155224,861.8075851701716
2527,1,63.5268493371699,63.5268493371699,925.3344345073415
2528,-1,-33.39991048823989,33.39991048823989,958.7343449955814
2529,1,-22.117814223764952,-22.117814223764952,936.6165307718164
2530,1,33.384608150680975,33.384608150680975,970.0011389224974
2531,-1,-15.398211129558904,15.398211129558904,985.3993500520563
2532,1,27.156056806447413,27.156056806447413,1012.5554068585037
2533,-1,-4.012223908843184,4.012223908843184,1016.5676307673469
2534,1,-37.796940120280325,-37.796940120280325,978.7706906470667
2535,1,21.488335862689837,21.488335862689837,1000.2590265097565
2536,1,8.710918130770677,8.710918130770677,1008.9699446405272
2537,-1,-3.0796422259120853,3.0796422259120853,1012.0495868664392
2538,1,20.224749199715927,20.224749199715927,1032.2743360661552
2539,-1,-19.448751537187093,19.448751537187093,1051.7230876033423
2540,-1,-0.3348221759420525,0.3348221759420525,1052.0579097792843
2541,1,-5.69216757741287,-5.69216757741287,1046.3657422018714
2542,1,14.674055064557983,14.674055064557983,1061.0397972664293
2543,-1,-1.338132769532176,1.338132769532176,1062.3779300359615
2544,1,-16.394320204494356,-16.394320204494356,1045.9836098314672
2545,1,-28.88798032131977,-28.88798032131977,1017.0956295101474
2546,1,-2.4199077746267785,-2.4199077746267785,1014.6757217355207
2547,1,18.960532508572154,18.960532508572154,1033.636254244093
2548,-1,-15.502107212841555,15.502107212841555,1049.1383614569345
2549,1,19.35731040925998,19.35731040925998,1068.4956718661945
2550,-1,13.483688761580146,-13.483688761580146,1055.0119831046143
2551,-1,-3.0816640986134947,3.0816640986134947,1058.0936472032279
2552,1,-8.912775424864146,-8.912775424864146,1049.1808717783638
2553,1,11.939017110355238,11.939017110355238,1061.119888888719
2554,1,-7.436239272723253,-7.436239272723253,1053.6836496159958
2555,1,17.498223360464255,17.498223360464255,1071.18187297646
2556,1,143.08755914575713,143.08755914575713,1214.269432122217
2557,-1,23.027639765896723,-23.027639765896723,1191.2417923563203
2558,-1,-20.670677919238692,20.670677919238692,1211.912470275559
2559,1,83.1838091719873,83.1838091719873,1295.0962794475463
2560,-1,-20.150078833911845,20.150078833911845,1315.2463582814582
2561,-1,16.06083450785044,-16.06083450785044,1299.1855237736079
2562,-1,99.02480528830343,-99.02480528830343,1200.1607184853044
2563,-1,-2.397879496833444,2.397879496833444,1202.5585979821378
2564,-1,7.4546562431116605,-7.4546562431116605,1195.1039417390261
2565,-1,28.889565425797453,-28.889565425797453,1166.2143763132287
2566,-1,64.84657068857476,-64.84657068857476,1101.367805624654
2567,-1,5.6471433796876696,-5.6471433796876696,1095.7206622449664
2568,-1,-37.84016059620759,37.84016059620759,1133.560822841174
2569,-1,-43.64928635348179,43.64928635348179,1177.2101091946558
2570,-1,29.873715656543563,-29.873715656543563,1147.3363935381124
2571,-1,12.893825791519731,-12.893825791519731,1134.4425677465927
2572,-1,-1.352108323192755,1.352108323192755,1135.7946760697855
2573,-1,-9.466038173247993,9.466038173247993,1145.2607142430336
2574,1,79.53849624544728,79.53849624544728,1224.7992104884809
2575,-1,4.092621131994067,-4.092621131994067,1220.7065893564868
2576,-1,-0.3196052236274843,0.3196052236274843,1221.0261945801142
2577,-1,15.661156496502244,-15.661156496502244,1205.365038083612
2578,-1,-19.529878799869454,19.529878799869454,1224.8949168834815
2579,-1,37.345645459370104,-37.345645459370104,1187.5492714241113
2580,-1,50.394684029791364,-50.394684029791364,1137.15458739432
2581,-1,-32.58278817384168,32.58278817384168,1169.7373755681617
2582,-1,17.998193820831652,-17.998193820831652,1151.7391817473301
2583,-1,19.04507970365856,-19.04507970365856,1132.6941020436716
2584,-1,-26.739153851515496,26.739153851515496,1159.4332558951871
2585,-1,-22.998875469349347,22.998875469349347,1182.4321313645364
2586,-1,43.492934786070514,-43.492934786070514,1138.939196578466
2587,-1,-42.41694141516646,42.41694141516646,1181.3561379936325
2588,1,-6.112664039070343,-6.112664039070343,1175.2434739545622
2589,1,-47.52954668535591,-47.52954668535591,1127.7139272692064
2590,1,-4.03305827449047,-4.03305827449047,1123.6808689947159
2591,1,35.54365785867044,35.54365785867044,1159.2245268533864
2592,1,20.421056662050947,20.421056662050947,1179.6455835154372
2593,-1,13.565064545505898,-13.565064545505898,1166.0805189699313
2594,-1,93.0460333006863,-93.0460333006863,1073.034485669245
2595,-1,-16.19438300660968,16.19438300660968,1089.2288686758548
2596,-1,-1.1360767482962866,1.1360767482962866,1090.364945424151
2597,-1,43.42831172438097,-43.42831172438097,1046.93663369977
2598,-1,8.170448117655596,-8.170448117655596,1038.7661855821145
2599,-1,113.47651343883406,-113.47651343883406,925.2896721432804
2600,-1,-132.81836979266984,132.81836979266984,1058.1080419359503
2601,-1,33.10091373624985,-33.10091373624985,1025.0071281997004
2602,-1,-1.505325087497078,1.505325087497078,1026.5124532871976
2603,-1,23.147857725362616,-23.147857725362616,1003.3645955618349
2604,1,-3.8177732993691285,-3.8177732993691285,999.5468222624658
2605,1,9.328942260734602,9.328942260734602,1008.8757645232004
2606,-1,-10.758943371677878,10.758943371677878,1019.6347078948783
2607,-1,0.7514324180462184,-0.7514324180462184,1018.8832754768321
2608,-1,1.8158252299521225,-1.8158252299521225,1017.06745024688
2609,-1,87.89502679421165,-87.89502679421165,929.1724234526683
2610,-1,40.83405734144177,-40.83405734144177,888.3383661112266
2611,-1,11.248593925758886,-11.248593925758886,877.0897721854677
2612,-1,-4.815409309791164,4.815409309791164,881.9051814952588
2613,-1,38.233005151264685,-38.233005151264685,843.6721763439941
2614,-1,27.873320986210842,-27.873320986210842,815.7988553577833
2615,-1,-98.4819664486357,98.4819664486357,914.280821806419
2616,-1,30.798976259380844,-30.798976259380844,883.4818455470381
2617,-1,29.59237888129665,-29.59237888129665,853.8894666657415
2618,-1,-0.30798607902894776,0.30798607902894776,854.1974527447704
2619,1,-14.47579154860254,-14.47579154860254,839.7216611961679
2620,-1,-25.29224885105277,25.29224885105277,865.0139100472207
2621,-1,79.53245307523362,-79.53245307523362,785.4814569719871
2622,-1,30.985206864603573,-30.985206864603573,754.4962501073835
2623,-1,-31.86817219822987,31.86817219822987,786.3644223056134
2624,-1,-10.431687785721138,10.431687785721138,796.7961100913345
2625,-1,-106.20719309561082,106.20719309561082,903.0033031869453
2626,-1,27.380080215562902,-27.380080215562902,875.6232229713825
2627,-1,14.798120205316799,-14.798120205316799,860.8251027660657
2628,-1,-14.652603464692284,14.652603464692284,875.477706230758
2629,1,-31.824851865839506,-31.824851865839506,843.6528543649185
2630,-1,25.59085685890798,-25.59085685890798,818.0619975060106
2631,-1,-12.391036324322984,12.391036324322984,830.4530338303335
2632,-1,-3.287698425006189,3.287698425006189,833.7407322553397
2633,-1,-23.455824863174186,23.455824863174186,857.1965571185139
2634,-1,-12.812857640443509,12.812857640443509,870.0094147589574
2635,1,34.00386124431734,34.00386124431734,904.0132760032748
2636,-1,-63.12222249807637,63.12222249807637,967.1354985013511
2637,-1,50.906001911317944,-50.906001911317944,916.2294965900331
2638,-1,-34.11760319176709,34.11760319176709,950.3470997818002
2639,-1,-10.351385900914051,10.351385900914051,960.6984856827142
2640,1,-8.551863619623832,-8.551863619623832,952.1466220630904
2641,1,24.55298571803466,24.55298571803466,976.699607781125
2642,-1,21.68832382911108,-21.68832382911108,955.011283952014
2643,-1,73.75484288228533,-73.75484288228533,881.2564410697287
2644,-1,-13.149040984265037,13.149040984265037,894.4054820539938
2645,1,-10.755612699040705,-10.755612699040705,883.649869354953
2646,1,-99.25619732429033,-99.25619732429033,784.3936720306626
2647,1,47.62559531994082,47.62559531994082,832.0192673506034
2648,1,5.34958945011276,5.34958945011276,837.3688568007161
2649,-1,-18.464867015654896,18.464867015654896,855.833723816371
2650,-1,39.67636048807461,-39.67636048807461,816.1573633282965
2651,-1,-38.77507972156391,38.77507972156391,854.9324430498604
2652,1,28.711829149046952,28.711829149046952,883.6442721989073
2653,1,-3.5398889592722504,-3.5398889592722504,880.104383239635
2654,-1,21.9923585872703,-21.9923585872703,858.1120246523648
2655,-1,-7.004754554640861,7.004754554640861,865.1167792070056
2656,1,17.307048124759397,17.307048124759397,882.423827331765
2657,-1,-13.313930086384888,13.313930086384888,895.7377574181498
2658,-1,-11.533453215105892,11.533453215105892,907.2712106332557
2659,1,-5.028432370688247,-5.028432370688247,902.2427782625674
2660,1,2.3602044682404,2.3602044682404,904.6029827308079
2661,-1,-6.395886761756153,6.395886761756153,910.998869492564
2662,-1,12.365010128122515,-12.365010128122515,898.6338593644415
2663,-1,-25.568305230951868,25.568305230951868,924.2021645953934
2664,-1,18.354331933426945,-18.354331933426945,905.8478326619664
2665,-1,34.591976152030405,-34.591976152030405,871.255856509936
2666,-1,-17.638649065151036,17.638649065151036,888.8945055750871
2667,-1,-28.457704039878887,28.457704039878887,917.352209614966
2668,-1,12.24873004918162,-12.24873004918162,905.1034795657844
2669,-1,-3.3534124076256826,3.3534124076256826,908.45689197341
2670,-1,-6.8333167677163615,6.8333167677163615,915.2902087411264
2671,-1,-34.43860107170062,34.43860107170062,949.7288098128271
2672,-1,2.1832426767811297,-2.1832426767811297,947.545567136046
2673,-1,-7.0472163495426114,7.0472163495426114,954.5927834855886
2674,-1,-10.359848721244271,10.359848721244271,964.9526322068328
2675,-1,7.496813854112286,-7.496813854112286,957.4558183527206
2676,-1,15.294528928507866,-15.294528928507866,942.1612894242128
2677,-1,5.547487113001067,-5.547487113001067,936.6138023112118
2678,-1,-7.72479784702414,7.72479784702414,944.3386001582359
2679,1,-14.089951246274834,-14.089951246274834,930.248648911961
2680,-1,7.804110581125291,-7.804110581125291,922.4445383308357
2681,-1,-20.773938376887447,20.773938376887447,943.2184767077232
2682,-1,-34.07016578730243,34.07016578730243,977.2886424950257
2683,1,38.38940151424793,38.38940151424793,1015.6780440092735
2684,-1,-2.1245883610045437,2.1245883610045437,1017.802632370278
2685,-1,14.125264848715856,-14.125264848715856,1003.6773675215622
2686,-1,1.0610212017005844,-1.0610212017005844,1002.6163463198617
2687,-1,1.0609086370434684,-1.0609086370434684,1001.5554376828183
2688,-1,19.84312697729312,-19.84312697729312,981.7123107055252
2689,-1,24.723649385022746,-24.723649385022746,956.9886613205024
2690,-1,28.576398379841894,-28.576398379841894,928.4122629406605
2691,-1,-1.7964220228948635,1.7964220228948635,930.2086849635554
2692,-1,2.9739224177990384,-2.9739224177990384,927.2347625457563
2693,-1,30.16395067234095,-30.16395067234095,897.0708118734153
2694,-1,-0.9880324568667135,0.9880324568667135,898.058844330282
2695,-1,38.90762218846083,-38.90762218846083,859.1512221418212
2696,-1,-0.12303755106047179,0.12303755106047179,859.2742596928817
2697,1,23.86957859120338,23.86957859120338,883.1438382840852
2698,-1,1.7184450527192718,-1.7184450527192718,881.4253932313659
2699,-1,-33.8720960200286,33.8720960200286,915.2974892513945
2700,-1,48.21012966862418,-48.21012966862418,867.0873595827703
2701,-1,-36.6428304441872,36.6428304441872,903.7301900269575
2702,-1,21.033339688436413,-21.033339688436413,882.6968503385211
2703,-1,5.155240240331888,-5.155240240331888,877.5416100981893
2704,-1,-11.59331390891029,11.59331390891029,889.1349240070996
2705,-1,21.002726669778628,-21.002726669778628,868.1321973373209
2706,-1,-94.86572944882288,94.86572944882288,962.9979267861438
2707,1,68.30415145703127,68.30415145703127,1031.3020782431752
2708,-1,-51.86377769857453,51.86377769857453,1083.1658559417497
2709,1,17.85162764840245,17.85162764840245,1101.017483590152
2710,1,31.07677319504969,31.07677319504969,1132.0942567852019
2711,-1,9.0974471825576,-9.0974471825576,1122.9968096026444
2712,1,-53.245389391454,-53.245389391454,1069.7514202111904
2713,1,55.50616186313013,55.50616186313013,1125.2575820743205
2714,-1,-30.270841136415658,30.270841136415658,1155.528423210736
2715,1,7.575291002032507,7.575291002032507,1163.1037142127686
2716,1,8.861920205792416,8.861920205792416,1171.965634418561
2717,1,-34.678455701961255,-34.678455701961255,1137.2871787165998
2718,1,9.131687572883935,9.131687572883935,1146.4188662894837
2719,1,2.219194802152002,2.219194802152002,1148.6380610916358
2720,1,16.455376347399945,16.455376347399945,1165.0934374390358
2721,1,-3.322586202652923,-3.322586202652923,1161.770851236383
2722,1,-3.8776389487296674,-3.8776389487296674,1157.8932122876533
2723,1,4.063864242305331,4.063864242305331,1161.9570765299586
2724,1,-4.43150554245953,-4.43150554245953,1157.5255709874991
2725,1,2.0935831675908285,2.0935831675908285,1159.61915415509
2726,-1,2.1547080370618183,-2.1547080370618183,1157.4644461180283
2727,1,-3.692989474980836,-3.692989474980836,1153.7714566430475
2728,-1,-5.418385567390443,5.418385567390443,1159.189842210438
2729,-1,-0.9240891561223429,0.9240891561223429,1160.1139313665603
2730,-1,-19.284442445488377,19.284442445488377,1179.3983738120487
2731,-1,1.5432670345815278,-1.5432670345815278,1177.8551067774672
2732,1,-7.838586832408432,-7.838586832408432,1170.0165199450587
2733,-1,-16.986633064017987,16.986633064017987,1187.0031530090766
2734,-1,6.063718544460163,-6.063718544460163,1180.9394344646164
2735,1,27.57938348328732,27.57938348328732,1208.5188179479037
2736,1,3.1450225393281426,3.1450225393281426,1211.663840487232
2737,1,-5.609942544323814,-5.609942544323814,1206.0538979429082
2738,1,5.859820751167619,5.859820751167619,1211.913718694076
2739,1,-26.939389456034657,-26.939389456034657,1184.9743292380413
2740,1,16.194932593229765,16.194932593229765,1201.1692618312711
2741,1,-33.44832480668517,-33.44832480668517,1167.720937024586
2742,1,12.941256602207556,12.941256602207556,1180.6621936267936
2743,1,30.363371014421563,30.363371014421563,1211.0255646412152
2744,1,-25.894117719591648,-25.894117719591648,1185.1314469216236
2745,1,25.837716885381067,25.837716885381067,1210.9691638070046
2746,1,-2.527790279722078,-2.527790279722078,1208.4413735272826
2747,1,12.950492118701353,12.950492118701353,1221.391865645984
2748,1,11.394011061428555,11.394011061428555,1232.7858767074124
2749,1,6.33647286082505,6.33647286082505,1239.1223495682375
2750,1,-3.319930650337303,-3.319930650337303,1235.8024189179002
2751,1,-23.61623616236112,-23.61623616236112,1212.1861827555392
2752,1,-24.658480051289636,-24.658480051289636,1187.5277027042496
2753,1,36.58476294062296,36.58476294062296,1224.1124656448726
2754,-1,-4.002265898230775,4.002265898230775,1228.1147315431033
2755,1,-30.367801506686853,-30.367801506686853,1197.7469300364164
2756,1,11.739264751313506,11.739264751313506,1209.48619478773
2757,1,-17.89681560108671,-17.89681560108671,1191.5893791866433
2758,1,69.18083462132955,69.18083462132955,1260.7702138079728
2759,1,-16.332144238621726,-16.332144238621726,1244.438069569351
2760,1,10.700909577314127,10.700909577314127,1255.1389791466652
2761,1,-52.09581206190075,-52.09581206190075,1203.0431670847645
2762,1,37.48556466105476,37.48556466105476,1240.5287317458192
2763,1,-52.35763154008952,-52.35763154008952,1188.1711002057298
2764,1,5.751925039428913,5.751925039428913,1193.9230252451587
2765,1,-37.458739754478025,-37.458739754478025,1156.4642854906806
2766,1,23.763432854341495,23.763432854341495,1180.2277183450221
2767,1,23.954690353131248,23.954690353131248,1204.1824086981535
2768,-1,-37.54430598609474,37.54430598609474,1241.7267146842482
2769,1,11.900777269515867,11.900777269515867,1253.627491953764
2770,1,-5.138491636020994,-5.138491636020994,1248.4890003177431
2771,1,-2.601537384712082,-2.601537384712082,1245.887462933031
2772,1,-16.232861010773732,-16.232861010773732,1229.6546019222571
2773,1,21.5342033896189,21.5342033896189,1251.188805311876
2774,-1,-2.353145164285955,2.353145164285955,1253.541950476162
2775,-1,0.8671522719381638,-0.8671522719381638,1252.6747982042236
2776,-1,20.809849995665402,-20.809849995665402,1231.8649482085582
2777,-1,6.551378879837484,-6.551378879837484,1225.3135693287206
2778,-1,4.138254768258182,-4.138254768258182,1221.1753145604625
2779,1,17.595742447721562,17.595742447721562,1238.771057008184
2780,-1,-5.36189724879136,5.36189724879136,1244.1329542569754
2781,1,0.8632969309786251,0.8632969309786251,1244.996251187954
2782,1,0.6782461787001556,0.6782461787001556,1245.6744973666541
2783,1,23.552042615632736,23.552042615632736,1269.2265399822868
2784,-1,-4.797756126365347,4.797756126365347,1274.0242961086522
2785,1,-28.80035446590151,-28.80035446590151,1245.2239416427506
2786,-1,-20.675183607973274,20.675183607973274,1265.8991252507237
2787,-1,13.791397383963748,-13.791397383963748,1252.10772786676
2788,-1,-11.17849775812555,11.17849775812555,1263.2862256248854
2789,-1,24.422364703191263,-24.422364703191263,1238.8638609216941
2790,-1,7.33969851725788,-7.33969851725788,1231.5241624044363
2791,-1,-11.217188183739616,11.217188183739616,1242.741350588176
2792,-1,-12.155316562698772,12.155316562698772,1254.8966671508747
2793,-1,6.671938321636399,-6.671938321636399,1248.2247288292383
2794,-1,12.038523274478612,-12.038523274478612,1236.1862055547597
2795,-1,-9.249267766301834,9.249267766301834,1245.4354733210614
2796,-1,-0.0617188705446129,0.0617188705446129,1245.497192191606
2797,-1,-36.96983162988205,36.96983162988205,1282.467023821488
2798,-1,20.195137060554384,-20.195137060554384,1262.2718867609337
2799,-1,-23.121959060531367,23.121959060531367,1285.3938458214652
2800,1,-13.260873606523065,-13.260873606523065,1272.1329722149421
2801,1,67.26109590911014,67.26109590911014,1339.3940681240522
2802,-1,-6.964689639870747,6.964689639870747,1346.358757763923
2803,-1,-2.652127252765221,2.652127252765221,1349.0108850166882
2804,1,-31.587194847339568,-31.587194847339568,1317.4236901693487
2805,1,8.912049214316555,8.912049214316555,1326.3357393836652
2806,1,-11.624815270555883,-11.624815270555883,1314.7109241131093
2807,1,0.6190608846388487,0.6190608846388487,1315.3299849977482
2808,1,2.7236992788390513,2.7236992788390513,1318.0536842765873
